frequency_thz,mode,cutoff_thz,beta_rad_m,coupling_fraction_full_beam,coupling_fraction_aperture,attenuation_np_m,copper_loss_db,output_power_fraction,relative_group_delay_ps,amplitude_real,amplitude_imag
0.1,TE11,0.08784923322365325,1001.3034701666403,0.05343111512480359,0.4044305749028702,0.5458846269840456,1.8965974500398877,0.034525064065723435,1458.4979409576897,0.0,0.005998604657183108
0.12000000000000001,TE11,0.08784923322365325,1713.2827659277968,0.10698587625352579,0.5796450081229942,0.3362879681399196,1.168384071148989,0.08175005263308295,624.36573294385,0.0,0.004936428076337408
0.14,TE11,0.08784923322365325,2284.616453842048,0.16160072015801083,0.6664129304187576,0.2704474939470462,0.939630834126122,0.1301607997617236,379.35835947779816,0.0,0.004169259472973649
0.16,TE11,0.08784923322365325,2802.6794598722136,0.2190382613056727,0.7199691185591541,0.2387408349837411,0.8294706179073086,0.1809559724832729,262.1557005626848,0.0,0.003586982718400129
0.18,TE11,0.08784923322365325,3292.712753474946,0.27871663166731925,0.7570867384307296,0.22116803994090428,0.7684164745575418,0.23351847046937635,194.42548291765107,0.0,0.0031284681923530967
0.2,TE11,0.08784923322365325,3765.6749338580316,0.33959158039867987,0.7849078009792839,0.21088920163551433,0.7327041325062887,0.2868709032550029,150.94594963078626,0.0,0.0027570715177069466
0.2,TM11,0.18282391732568906,1699.4983913009996,0.0033415657871177936,0.00772345725036837,0.7649818535501296,2.657819182023542,0.0018120413235194613,1956.5906220701106,0.0,0.3873377943284971
0.22,TE11,0.08784923322365325,4227.2997819601105,0.40050939874910235,0.8069648633426807,0.20486126044307282,0.7117609197293715,0.3399668882667242,121.06224420176522,0.0,0.0024494963302149515
0.22,TM11,0.18282391732568906,2564.771046527933,0.004068821738681516,0.00819805025444042,0.5848066688179139,2.0318264739827394,0.00254850808536815,1064.424824864943,0.0,0.30157563357417355
0.24000000000000002,TE11,0.08784923322365325,4680.942692889594,0.4603337081971909,0.8251537506594208,0.2015103867791221,0.7001187921949017,0.39179681238241054,99.50332642493771,0.0,0.002190225575670371
0.24000000000000002,TM11,0.18282391732568906,3258.713176802228,0.005535524988992726,0.009922495626976054,0.5244421913391077,1.8220987982065908,0.0036387224965159395,725.2519774868192,0.0,0.27387961998973637
0.26,TE11,0.08784923322365325,5128.722145930321,0.518010142647886,0.8405336614494051,0.19993823926223533,0.6946565922643271,0.44144093611439655,83.37275502772091,0.0,0.0019685230569357
0.26,TM11,0.18282391732568906,3874.5035713887405,0.007638586502648714,0.012394523876598328,0.49735999951676857,1.7280056264762924,0.005131123154436182,542.2745888231378,0.0,0.26167286266112694
0.26,TE12,0.2543815366920744,1126.7060483798407,0.005514911249253029,0.008948605757424503,1.6971781126331758,5.89660071298851,0.0014186604337508987,5118.736353250746,0.0,-0.0018027262608972573
0.28,TE11,0.08784923322365325,5572.051912417806,0.5726053296356239,0.8536984690816807,0.19959488255150373,0.6934636488659657,0.4881002398854838,70.95394125885109,0.0,0.0017767202448770944
0.28,TM11,0.18282391732568906,4444.744040912471,0.010442565739942759,0.015568842838306892,0.48452611339671525,1.6834161390897813,0.007087051751204543,427.35346451327723,0.0,0.2556015149290094
0.28,TE12,0.2543815366920744,2452.2312664140245,0.010897626161981831,0.01624729336177937,0.755827847245539,2.626014906620412,0.005952925053658877,1858.715248586376,0.0,-0.0015370006431551222
0.30000000000000004,TE11,0.08784923322365325,6011.916457144504,0.6233309263992,0.8649669799220004,0.20012557444503373,0.6953074613535726,0.5311142192228455,61.169493947341074,0.0,0.0016091886799445387
0.30000000000000004,TM11,0.18282391732568906,4985.090426685651,0.014036661774237066,0.019478014693069794,0.4791105554294055,1.6646005635567427,0.009567616937550963,348.5985050819369,0.0,0.2523095883384411
0.30000000000000004,TE12,0.2543815366920744,3332.9889224215153,0.01311643610547278,0.01820106085707805,0.5406037542258048,1.87824981885159,0.008511201376367832,1182.758819779789,0.0,-0.001304172273699462
0.32,TE11,0.08784923322365325,6449.024869635259,0.6695567538147921,0.8744888247423848,0.2012919865268099,0.6993599919994979,0.5699692105352107,53.311954064621006,0.0,0.0014616981124587819
0.32,TM11,0.18282391732568906,5504.353626332711,0.01850866794925643,0.024173639038475667,0.47801941681027504,1.6608095597065036,0.012626826357816395,291.4499795334074,0.0,0.25028204257809156
0.32,TE12,0.2543815366920744,4068.8570186814973,0.013801165714544194,0.0180253057220674,0.4316231125015425,1.4996122881706109,0.009771349375196352,865.0007223022524,0.0,-0.0010990629292273837
0.3399999999999999,TE11,0.08784923322365325,6883.902189830008,0.7108151022396144,0.8823080980028868,0.20292871158356962,0.7050465572838462,0.6042991601688323,46.89944570900742,0.0,0.0013310016199835093
0.3399999999999999,TM11,0.18282391732568906,6008.002699208313,0.023934052066938438,0.02970844019794608,0.47963973458101716,1.6664391202406084,0.016306934224922368,248.25649321189238,0.0,0.2487395935440601
0.3399999999999999,TE12,0.2543815366920744,4727.9789581221685,0.013410249375096179,0.016645639045380013,0.3628946481739432,1.260825145713324,0.01003123349314307,676.6962276612959,0.0,-0.0009176733933206914
0.3399999999999999,TM12,0.3347378549623198,1248.8437668994732,0.004950696169414847,0.00614511327525809,2.3074761682963585,8.016993336114941,0.0007815683072268254,6278.979053897485,0.0,-0.609690860059352
0.36,TE11,0.08784923322365325,7316.946238534346,0.7467977171959042,0.8884046045404008,0.20491786430102898,0.7119575816746899,0.6338802544181876,41.593626724429605,0.0,0.0012145594841082683
0.36,TM11,0.18282391732568906,6499.668401707114,0.030369077545183552,0.036127625601335374,0.48304706557131816,1.6782774006174535,0.020634970885110623,214.59502440295108,0.0,0.24725022106424405
0.36,TE12,0.2543815366920744,5338.855488482669,0.012226983241724656,0.014545449137650466,0.3146305589957,1.0931385248797443,0.009506167546408081,551.3575975228715,0.0,-0.0007568462801492218
0.36,TM12,0.3347378549623198,2776.545272920864,0.002715278145285857,0.0032301459301958143,1.130774356893755,3.928712507813248,0.001098861792759413,2291.4797580959016,0.0,-0.27793933217123934
0.38,TE11,0.08784923322365325,7748.464393964819,0.7773468409248285,0.892722595589055,0.2071735562349174,0.7197946581527812,0.6586206939020157,37.1507672229676,0.0,0.0011103507369165588
0.38,TM11,0.18282391732568906,6981.8828076020145,0.037845979338421515,0.04346317387410929,0.48767415219986854,1.6943535461379957,0.025620310767744826,187.72554712766592,0.0,0.24556611604974302
0.38,TE12,0.2543815366920744,5916.449622352935,0.01048936122005694,0.012046218343538544,0.2784900734285551,0.967573617238823,0.00839443904051583,461.8037793210375,0.0,-0.0006140367954333945
0.38,TM12,0.3347378549623198,3769.6421394500926,0.002345929825459429,0.0026941185743577767,0.9032380627875688,3.138170452108992,0.0011389324623406042,1484.658270235161,0.0,-0.20444713550284344
0.4,TE11,0.08784923322365325,8178.698183694177,0.8024416650572712,0.8951920434033493,0.20963204079811232,0.7283363083899003,0.678546851317305,33.39139438345148,0.0,0.0010167417079995655
0.4,TM11,0.18282391732568906,7456.479803131665,0.04636981761321011,0.05172948214054609,0.49315454347403254,1.713394375650317,0.031253304991665766,165.85877677382996,0.0,0.24354601263038236
0.4,TE12,0.2543815366920744,6469.681572478049,0.008420603373179939,0.009393900477224205,0.25024531272427347,0.8694412675064446,0.006892854084498982,394.6661711841607,0.0,-0.0004871537187218494
0.4,TM12,0.3347378549623198,4589.401417934557,0.002173973541128823,0.0024252527022622,0.8012368240654787,2.7837818511145915,0.0011451861025519056,1103.0066424536453,0.0,-0.1651612251284837
0.42000000000000004,TE11,0.08784923322365325,8607.840193908545,0.8221815247291304,0.8957450142941734,0.212245254912123,0.7374155441478725,0.6937870019276631,30.180810062250472,0.0,0.0009323925725338947
0.42000000000000004,TM11,0.18282391732568906,7924.828066173769,0.05591695401564826,0.06092004170312009,0.4992418506427668,1.7345438469545682,0.03750499580370155,147.77669240877862,0.0,0.24111439129536022
0.42000000000000004,TE12,0.2543815366920744,7004.326411095295,0.006235104674007733,0.00679298154648359,0.22748557937307037,0.7903658546743092,0.0051976515762548175,342.5440143031316,0.0,-0.0003744472166099427
0.42000000000000004,TM12,0.3347378549623198,5316.616800075473,0.0020341434273392057,0.002216145435764495,0.7441586523004134,2.585471970837041,0.001121590635708518,874.8284066115524,0.0,-0.13795840004068496
0.42000000000000004,TE13,0.4072971177228144,2148.528197205688,0.0012258813944884196,0.0013355653395285849,1.754844888801954,6.096955614422513,0.0003011292151733145,4132.210062970692,0.0,0.0006012327643189685
0.44000000000000006,TE11,0.08784923322365325,9036.045979091501,0.8367670972685785,0.8943283680367922,0.21497646969390913,0.7469047562168509,0.7045537312599374,27.416218119895902,0.0,0.0008561897978121638
0.44000000000000006,TM11,0.18282391732568906,8387.974368749803,0.06643511184201092,0.07100518811979163,0.5057650530865705,1.7572077735600222,0.04432787302208538,132.62175585056488,0.0,0.2382382623894683
0.44000000000000006,TE12,0.2543815366920744,7524.347320901347,0.004136507148171492,0.004421057782114651,0.20871882988304666,0.7251634887000855,0.0035003980262406265,300.98660939520875,0.0,-0.00027442856454075964
0.44000000000000006,TM12,0.3347378549623198,5985.117236214589,0.0018772573541422923,0.0020063940269585776,0.7088156736305864,2.4626778859543994,0.0010647705379188506,721.5322907797494,0.0,-0.11649184936577879
0.44000000000000006,TE13,0.4072971177228144,3488.751574213348,0.001576524903257919,0.0016849741684423194,1.0573652249628664,3.6736630604621063,0.0006766039507408081,2192.5456716053995,0.0,0.000498998519822789
0.45999999999999996,TE11,0.08784923322365325,9463.442628194403,0.8464807529925781,0.8909133043995625,0.21779729156037445,0.7567052951851543,0.7111260011465408,25.018001307703074,0.0,0.000787196585162638
0.45999999999999996,TM11,0.18282391732568906,8846.735751206486,0.07784491618166244,0.08193106725808795,0.5126023464014173,1.7809629636223576,0.051657568349662494,119.773161033192,0.0,0.23491302223302163
0.45999999999999996,TE12,0.2543815366920744,8032.585016445615,0.0023132612909871255,0.0024346864986675106,0.19296398461711528,0.670425549802217,0.0019823582184950537,267.14778793322785,0.0,-0.00018581201312742646
0.45999999999999996,TM12,0.3347378549623198,6612.733759354318,0.0016848867921041028,0.001773328045777559,0.6857766113620734,2.3826319850628743,0.0009734362776835056,610.9928306676625,0.0,-0.09822161597549411
0.45999999999999996,TE13,0.4072971177228144,4480.848913704572,0.0015729257869362583,0.0016554901047194288,0.8063561788646393,2.801568311436035,0.0008251851451644502,1536.4976612904106,0.0,0.0004114339219337918
0.48,TE11,0.08784923322365325,9890.135040861755,0.8516670496436463,0.8855019391525714,0.22068555139398158,0.7667401376494614,0.7138317016167897,22.923677342313624,0.0,0.0007246160305360593
0.48,TM11,0.18282391732568906,9301.761026871714,0.09004273075419848,0.09361993366163156,0.5196651294726382,1.8055015853400453,0.059415328000975626,108.77080631125001,0.0,0.23115331362613872
0.48,TE12,0.2543815366920744,8531.145690690151,0.0009338393036319855,0.0009709387190322882,0.17954523230896305,0.6238040291505608,0.0008088942453192376,239.1189355341161,0.0,-0.00010747226334333994
0.48,TM12,0.3347378549623198,7210.150658721273,0.0014528080394631345,0.0015105249600760441,0.6704161625680632,2.329264319856506,0.0008497316651186652,527.382118187039,0.0,-0.08194436039992063
0.48,TE13,0.4072971177228144,5323.159939058939,0.0014240167739527306,0.0014805898798697747,0.665500464164042,2.3121854343239696,0.000836173811554308,1187.3086676721825,0.0,0.0003369564825908042
0.5,TE11,0.08784923322365325,10316.210601975865,0.8527141793229223,0.8781309858968016,0.22362379153914408,0.7769486295018668,0.7130313446679376,21.08362804545362,0.0,0.0006677634095900987
0.5,TM11,0.18282391732568906,9753.573102144015,0.10290454038036183,0.10597181058864943,0.526887821892224,1.8305957890385298,0.06751106487743529,99.2667826708184,0.0,0.2269868145491469
0.5,TE12,0.2543815366920744,9021.633823959985,0.00014259420990759918,0.00014684450800238913,0.16797956846308565,0.5836207972480607,0.0001246636422782291,215.57076152871323,0.0,-3.841308590011443e-05
0.5,TM12,0.3347378549623198,7784.324156874283,0.0011863385273397388,0.0012216996572607603,0.660178008408629,2.293693329005969,0.0006995830874882336,461.9140620980431,0.0,-0.06703287291688577
0.5,TE13,0.4072971177228144,6078.277864217765,0.001216545463543365,0.0012528069700187983,0.5719694215617572,1.9872253088133278,0.0007698494657360932,966.0617818185162,0.0,0.00027414590785889955
0.5,TM13,0.485411279388828,2512.9076795327283,0.0010578582976931456,0.0010893898241846943,2.0450575288342527,7.105257599579329,0.0002060163730081816,4229.805157296684,0.0,0.19417186577000117
0.52,TE11,0.08784923322365325,10741.742714785163,0.8500369825605376,0.8688726601088409,0.2265981636619222,0.787282656702262,0.7091033797156091,19.458027874123456,0.0,0.0006160450949047937
0.52,TM11,0.18282391732568906,10202.598866229531,0.11629058257147835,0.11886742565026134,0.5342211785113063,1.856074479546499,0.07584677131114895,90.9934087808036,0.0,0.2224498367624898
0.52,TE12,0.2543815366920744,9505.299165199363,5.673083168279691e-05,5.7987910697648036e-05,0.15791130578237725,0.5486400698513879,4.9998289106626515e-05,195.54837700331132,0.0,2.2256020919909514e-05
0.52,TM12,0.3347378549623198,8340.056231562075,0.000898596785904028,0.0009185084834565808,0.6535261890820242,2.270582541580674,0.0005327293284244207,409.2872457078599,0.0,-0.053142490549399346
0.52,TE13,0.4072971177228144,6775.418596733382,0.0009977514432394558,0.001019860274788881,0.5039968200020399,1.7510643025893788,0.0006666777091222908,811.9212582105838,0.0,0.00022171801312965823
0.52,TM13,0.485411279388828,3908.3935794870304,0.0006513808973925587,0.0006658146229787709,1.3945490072116014,4.845159508605253,0.0002134612593521269,2386.2624440039667,0.0,0.1151938189865171
0.54,TE11,0.08784923322365325,11166.793506886577,0.8440619524189216,0.8578330424096587,0.2295976142295251,0.7977038153442741,0.702431441207607,18.014599826971107,0.0,0.0005689423490767766
0.54,TM11,0.18282391732568906,10649.190781462796,0.13005041219550104,0.13217221844982185,0.5416277782321305,1.8818076426538597,0.08432007201154186,83.74157941105167,0.0,0.21758410335172687
0.54,TE12,0.2543815366920744,9983.133420662263,0.0007645693640459968,0.0007770435118099897,0.14907194685549527,0.5179289914073312,0.0006786158405246677,178.3479458890362,0.0,7.533733005912459e-05
0.54,TM12,0.3347378549623198,8880.80957010235,0.0006095066635498586,0.0006194509230792033,0.6494788924502536,2.2565207928302455,0.00036251533168902807,366.09882744994763,0.0,-0.04007940714651591
0.54,TE13,0.4072971177228144,7430.917698088483,0.0007943309227165251,0.0008072906380405081,0.4517318751865596,1.5694772855466503,0.0005534185868912337,697.8655480800935,0.0,0.00017850555949190224
0.54,TM13,0.485411279388828,4958.606764705136,0.0004789719186518361,0.0004867864699130174,1.1632097338523077,4.04140454966566,0.00018887287763746601,1711.060887238792,0.0,0.08287058041466652
0.56,TE11,0.08784923322365325,11591.41592769112,0.835214473746367,0.8451482846362112,0.23261327468853946,0.8081812929174244,0.6933936856881745,16.726952249725862,0.0,0.0005259987383767568
0.56,TM11,0.18282391732568906,11093.64278689734,0.14402808886698615,0.1457411192832488,0.5490789069564852,1.9076955153653643,0.09282771206140954,77.34574354908177,0.0,0.21243433395967243
0.56,TE12,0.2543815366920744,10455.93605938899,0.002325108336300906,0.002352762534398804,0.1412545436983287,0.49076855097556726,0.002076664496805083,163.4392473869751,0.0,0.00012155811390110372
0.56,TM12,0.3347378549623198,9409.167051535893,0.00034488118564309834,0.00034898310746717364,0.6473778272789771,2.2492209447502094,0.0002054695209625194,330.0577544438302,0.0,-0.027734867777104235
0.56,TE13,0.4072971177228144,8054.947784998473,0.0006201061419449176,0.0006274815135881805,0.40996320472205655,1.4243580607532982,0.00044671468234842854,609.8666778120628,0.0,0.00014344403339835684
0.56,TM13,0.485411279388828,5852.4718735135075,0.00036918675873430767,0.00037357776434972863,1.0408059394013374,3.6161302097130483,0.00016055842350545197,1341.5035481946013,0.0,0.0634142964471794
0.56,TE14,0.5585338982598654,848.7226554616308,4.304473241137572e-05,4.355669460195003e-05,7.181840335091659,24.952269019524064,1.376236622186878e-07,17116.776620269393,0.0,-0.00018642341027732425
0.58,TE11,0.08784923322365325,12015.655392050065,0.8239083872241972,0.8309791706787681,0.23563799951371833,0.8186902633242319,0.6823542448308075,15.573330047925941,0.0,0.0004868102583717957
0.58,TM11,0.18282391732568906,11536.202216286336,0.15806720410039696,0.15942373716741529,0.5565523588234917,1.9336609466182482,0.10126880305634606,71.67326046428654,0.0,0.20704641021493306
0.58,TE12,0.2543815366920744,10924.36040094803,0.004768782136972586,0.004809707834969376,0.13429672744283636,0.46659462132871066,0.004282999462557372,150.41531147442188,0.0,0.00016158074165424568
0.58,TM12,0.3347378549623198,9927.108133564328,0.00013537309421205793,0.0001365348663818662,0.6467645342965445,2.2470901466857254,8.069067360953289e-05,299.56168839638696,0.0,-0.01604951043963935
0.58,TE13,0.4072971177228144,8654.318870415062,0.00048041134298556896,0.00048453423410798474,0.37563255682908114,1.3050811732326366,0.00035571742156439653,539.8470450536106,0.0,0.00011556094027389756
0.58,TM13,0.485411279388828,6653.305819067473,0.0002885915125895915,0.0002910682055374845,0.9650094375684919,3.352786189764453,0.0001333536586831993,1103.4924743597774,0.0,0.049888089457587874
0.58,TE14,0.5585338982598654,3276.489193887909,0.00011929206397222863,0.00012031582870781801,1.8289607323908876,6.354460429560739,2.76163011394857e-05,3615.8861906116035,0.0,-0.00014985277728610927
0.6,TE11,0.08784923322365325,12439.55108115865,0.8105378397455654,0.8155046234718982,0.2386660125279803,0.8292106580700337,0.6696567160516967,14.535665856229146,0.0,0.00045101750665035536
0.6,TM11,0.18282391732568906,11977.078866539341,0.17201550915817174,0.17306957941827442,0.5640308567230045,1.9596439095837157,0.1095476875173317,66.61671598751472,0.0,0.20146597600898464
0.6,TE12,0.2543815366920744,11388.94669273919,0.008099238347165048,0.008148868559655829,0.12806913521195012,0.444957749797371,0.007310522275113355,138.95865961542754,0.0,0.00019601047918496156
0.6,TM12,0.3347378549623198,10436.1838090239,1.5247158752136525e-05,1.5340589726298938e-05,0.647309700460448,2.248984247939355,9.084279698379705e-06,273.4546244161069,0.0,-0.004992817641640926
0.6,TE13,0.4072971177228144,9233.834074265997,0.00037520281644154544,0.00037750197035070916,0.3468068796875157,1.204930513074984,0.0002842974985133723,482.7967985480069,0.0,9.39675737067021e-05
0.6,TM13,0.485411279388828,7391.409535554815,0.00022612158590798923,0.00022750720537939223,0.9139588999065179,3.175418455326137,0.00010884291820389123,935.725749332902,0.0,0.0398195484961243
0.6,TE14,0.5585338982598654,4593.67369737096,0.00011801410086466856,0.00011873726329695726,1.2833080212326586,4.458668737628197,4.227338531221065e-05,2318.2380425163997,0.0,-0.00011963696421881965
0.62,TE11,0.08784923322365325,12863.136981681104,0.795471283978336,0.7989147649668622,0.2416926334796813,0.8397262162951258,0.6556195341513829,13.598851222587008,0.0,0.00041829941157965666
0.62,TM11,0.18282391732568906,12416.451992579847,0.1857289589577593,0.1865329529573808,0.571500899232713,1.9855974955161084,0.11757632317632832,62.088282823706265,0.0,0.19573737547862485
0.62,TE12,0.2543815366920744,11850.146356851112,0.01229592133796517,0.01234914861620448,0.12246731168333809,0.4254950214207949,0.011148375135192002,128.81807911592585,0.0,0.0002254016043557427
0.62,TM12,0.3347378549623198,10937.632029121722,2.1002860195499215e-05,2.109377856206321e-05,0.648770636079388,2.2540600581611274,1.2498918485076996e-05,250.88073432747453,0.0,0.005449278580572318
0.62,TE13,0.4072971177228144,9797.017588011799,0.00030150074118699173,0.0003028058946114015,0.32219409115995973,1.1194169271408303,0.00023299504833712857,435.42978391351437,0.0,7.785250500245381e-05
0.62,TM13,0.485411279388828,8083.983970235678,0.0001770572971101821,0.00017782375273059058,0.8777870049741685,3.0497444203733086,8.772823423724176e-05,810.4344727175294,0.0,0.032075430023073004
0.62,TE14,0.5585338982598654,5640.895314278978,0.0001004857236615117,0.00010092071193326449,1.0286563996574283,3.5739183851654968,4.412782538375384e-05,1739.3065050492316,0.0,-9.48409746137739e-05
0.64,TE11,0.08784923322365325,13286.442722817572,0.7790474202329076,0.7814040878729299,0.24471406478409857,0.8502237438387911,0.6405330148257377,12.750171148484318,0.0,0.0003883681515417961
0.64,TM11,0.18282391732568906,12854.47576921206,0.19907504643731413,0.19967726102360275,0.5789519066844819,2.011484946883495,0.12527613063897772,58.01551896782376,0.0,0.18990286052619473
0.64,TE12,0.2543815366920744,12308.340095074218,0.01731723408610287,0.017369619812729383,0.1174059136637373,0.40790992357576555,0.015764766232889204,119.79227738410604,0.0,0.0002502622905017692
0.64,TM12,0.3347378549623198,11432.456499881784,0.00018991020154273948,0.00019048469189449766,0.6509645862231208,2.2616826216890793,0.0001128184250087319,231.19242715259387,0.0,0.015282112272354384
0.64,TE13,0.4072971177228144,10346.536659048399,0.00025535368926047687,0.00025612615029508315,0.3008920351292278,1.045406004042104,0.0002007250322510715,395.4939684678705,0.0,6.64762456691388e-05
0.64,TM13,0.485411279388828,8741.857013715524,0.00013890134322289157,0.00013932152855722097,0.8513209458278526,2.9577919128135477,7.029545628285131e-05,713.0117650425342,0.0,0.026049370992862506
0.64,TE14,0.5585338982598654,6548.966877597904,7.944996671549298e-05,7.969030788176406e-05,0.8725833958308203,3.0316652304778096,3.953003478929548e-05,1398.5296806005917,0.0,-7.462698260582173e-05
0.64,TM14,0.6357193302349714,1548.7902148384221,0.00029293489762576545,0.000293821044188784,4.805123499543349,16.69470896572255,6.270471757784904e-06,10221.166185905588,0.0,-0.13460024913620025
0.66,TE11,0.08784923322365325,13709.494255894893,0.76157283061054,0.7631651993112892,0.2477272238342165,0.8606925306272954,0.6246578311626486,11.978861286266765,0.0,0.00036096499078466646
0.66,TM11,0.18282391732568906,13291.283603435864,0.21193536010021607,0.21237849465076855,0.5863755805818838,2.0372774317562214,0.13257928694856902,54.338195098661025,0.0,0.18400201755251466
0.66,TE12,0.2543815366920744,12763.851629571485,0.0231040544307311,0.023152362578891278,0.11281448035661726,0.3919576503812934,0.021110204186678784,111.71814586233911,0.0,0.0002710585924584178
0.66,TM12,0.3347378549623198,11921.482044921779,0.000558535041839044,0.0005597028798752081,0.6537513724588866,2.2713649087645753,0.00033106550673742645,213.8904225006485,0.0,0.02450716999512561
0.66,TE13,0.4072971177228144,10884.461096569526,0.00023338208963735325,0.000233870067044,0.28224837987613055,0.9806313112506905,0.00018621059720272013,361.3906663708455,0.0,5.916668948354288e-05
0.66,TM13,0.485411279388828,9372.338906268295,0.00011000080902906107,0.00011023080915290285,0.8315626517048319,2.8891445679379535,5.655635638771378e-05,634.9643764742838,0.0,0.021378334725936567
0.66,TE14,0.5585338982598654,7369.507425166048,5.973407752495179e-05,5.9858975199337836e-05,0.7640517229656246,2.6545875773811427,3.241629705903662e-05,1170.1449656715683,0.0,-5.824804146563072e-05
0.66,TM14,0.6357193302349714,3717.448541040255,0.00010058708338892186,0.00010079740040241057,2.0965157394975464,7.284041735096797,1.879914259388799e-05,3630.4940695791915,0.0,-0.048613768457921674
0.6799999999999998,TE11,0.08784923322365325,14132.314410124096,0.7432272261966038,0.7442895242684534,0.2507296101557917,0.8711238891233108,0.608147914280748,11.275758195156877,0.0,0.00033583563200296297
0.6799999999999998,TM11,0.18282391732568906,13726.991573580468,0.22417905522654594,0.22449947537495052,0.5937654174827725,2.0629523548619892,0.13941188490296416,51.00586950991764,0.0,0.17806013749107052
0.6799999999999998,TE12,0.2543815366920744,13216.958283050635,0.029579666601454693,0.029621944954142984,0.10863429214132482,0.3774341889795453,0.027117512921325762,104.46218287928129,0.0,0.00028819959412727857
0.6799999999999998,TM12,0.3347378549623198,12405.394471018584,0.0011611847132166617,0.00116284439983528,0.6570217546299681,2.2827273802094994,0.0006864810792971144,198.58348830835104,0.0,0.033123099934650006
0.6799999999999998,TE13,0.4072971177228144,11412.4305560613,0.00023388966378385003,0.00023422396334945477,0.2657777142305908,0.9234063576256395,0.00018909079763762188,331.9516319258135,0.0,5.531156528637963e-05
0.6799999999999998,TM13,0.485411279388828,9980.621944955961,8.904621357442944e-05,8.917348773454021e-05,0.816644084111438,2.8373121552682603,4.633234073848626e-05,570.9839280753173,0.0,0.017823023731371117
0.6799999999999998,TE14,0.5585338982598654,8129.066214748386,4.3086435709743994e-05,4.3148019349261025e-05,0.6828250925534648,2.3723773584083756,2.4951854717813526e-05,1004.9401191205684,0.0,-4.503933453796079e-05
0.6799999999999998,TM14,0.6357193302349714,5058.80435374491,5.958037368406791e-05,5.966553218452887e-05,1.6111748527524612,5.597794783453425,1.6418132052295007e-05,2424.6324608019822,0.0,-0.030668382198229687
0.7,TE11,0.08784923322365325,14554.923350168172,0.7242383005907786,0.7249380810489006,0.2537191994405858,0.8815107861596561,0.5911945334977257,10.63302088287473,0.0,0.0003127697224489232
0.7,TM11,0.18282391732568906,14161.70119737804,0.2357095244479101,0.23593727395917916,0.6011163362375119,2.0884920624788093,0.14572294025023197,47.97601367878069,0.0,0.17210917867809275
0.7,TE12,0.2543815366920744,13667.8992313585,0.03665716341517839,0.036692582650238455,0.10481600128748546,0.36416808779455256,0.03370870332493721,97.91412503973392,0.0,0.00030206982213372565
0.7,TM12,0.3347378549623198,12884.76989023273,0.0020285449871430606,0.002030505027283531,0.6606894203370711,2.2954701560339843,0.0011957423963839494,184.96067334188515,0.0,0.04112973456006808
0.7,TE13,0.4072971177228144,11931.766605980485,0.00025766148372840684,0.00025791044387174196,0.25111009034138987,0.8724458126839413,0.00021076812015048248,306.3022055636523,0.0,5.4361094722209904e-05
0.7,TM13,0.485411279388828,10570.539132457057,7.496846901263837e-05,7.50409057638397e-05,0.8053357496014039,2.7980229770504685,3.93619263297848e-05,517.5661147824255,0.0,0.015214564310682395
0.7,TE14,0.5585338982598654,8843.370435893383,2.986174322265805e-05,2.9890596521821637e-05,0.6190376710081682,2.150757156872704,1.8198661245938373e-05,879.2392878260357,0.0,-3.441969280378725e-05
0.7,TM14,0.6357193302349714,6141.252692418537,3.86779964172957e-05,3.87153682409483e-05,1.386172510025406,4.81605657656011,1.2760224378586774e-05,1853.1653287888078,0.0,-0.021472519561444435
0.72,TE11,0.08784923322365325,14977.338955249137,0.7049804921852545,0.7054358489884497,0.2566943584819302,0.8918475473951797,0.5741063425833768,10.04390744531408,0.0,0.00029161405894243
0.72,TM11,0.18282391732568906,14595.501678769775,0.2465082913459374,0.2466675145141707,0.6084243894431971,2.1138828399242846,0.15151068002122142,45.212548587524914,0.0,0.16619874773701127
0.72,TE12,0.2543815366920744,14116.882015860405,0.04425269330934751,0.0442812767456007,0.10131781989431378,0.35201416078854386,0.0408073404996339,91.98215063081491,0.0,0.0003130599942837196
0.72,TM12,0.3347378549623198,13360.096690346241,0.003187286939023265,0.003189345652430952,0.6646853437458468,2.309353415926299,0.0018727759410418054,172.77171497910615,0.0,0.04853510959969679
0.72,TE13,0.4072971177228144,12443.550248652664,0.000308398475253558,0.00030859767416098656,0.23795779081907717,0.8267500438289078,0.0002549395517170351,283.7738977252537,0.0,5.582748848621443e-05
0.72,TM13,0.485411279388828,11145.007223055472,6.697819407592929e-05,6.702145623236664e-05,0.7967928841687317,2.7683420225140565,3.540782346393785e-05,472.29615628673605,0.0,0.0134259066585108
0.72,TE14,0.5585338982598654,9522.609364957998,1.9788997619439895e-05,1.980177961099046e-05,0.5672166016636991,1.9707123211716748,1.2570500340411446e-05,780.0843742392217,0.0,-2.5884545826059113e-05
0.72,TM14,0.6357193302349714,7084.481144254008,2.5816884339740202e-05,2.5833559828000826e-05,1.2534813748967981,4.355040354289446,9.47108629533343e-06,1507.7359492891142,0.0,-0.01565761867153401
0.72,TE15,0.709193116772911,2604.6828634260637,4.756557188446718e-06,4.759629515553007e-06,3.318451619567611,11.52948181472898,3.344602739855077e-07,6395.683166663543,0.0,3.467450806849829e-05
0.74,TE11,0.08784923322365325,15399.577135105337,0.6856239985386514,0.6859167345199839,0.25965377648837734,0.9021296186739406,0.5570228983261362,9.502594649883665,0.0,0.0002721930361182329
0.74,TM11,0.18282391732568906,15028.47174580992,0.25652466128666,0.25663418778896707,0.6156865381699109,2.139114128874465,0.15675366725731607,42.684691015725214,0.0,0.16035400522776153
0.74,TE12,0.2543815366920744,14564.087736942492,0.052273619599268024,0.052295938493244626,0.0981041165268135,0.34084861167670966,0.04832787639598589,86.58922018706687,0.0,0.0003214977367002544
0.74,TM12,0.3347378549623198,13831.792267636049,0.004658715115717075,0.004660704214033433,0.6689537321495866,2.324183316169211,0.0027280217099911407,161.8129349485981,0.0,0.05534714798240693
0.74,TE13,0.4072971177228144,12948.677019308941,0.0003926960259600677,0.00039286369257729496,0.2260931330762189,0.7855280007297556,0.00032772057351451494,263.8466503092636,0.0,5.926944377261903e-05
0.74,TM13,0.485411279388828,11706.300857298791,6.46541345943186e-05,6.468173950835021e-05,0.7904146018628079,2.7461816000381853,3.435406578715731e-05,433.4514754782001,0.0,0.01235254827029421
0.74,TE14,0.5585338982598654,10173.808671152685,1.2356353468244122e-05,1.2361629172224624e-05,0.5240429145035901,1.8207115683952537,8.124921365337026e-06,699.723288197199,0.0,-1.899158358851271e-05
0.74,TM14,0.6357193302349714,7938.272283244406,1.7299152799628146e-05,1.7306538895333393e-05,1.165597957715401,4.049702089227988,6.808549916224371e-06,1272.5224313923677,0.0,-0.011620596154876262
0.74,TE15,0.709193116772911,4428.393227646025,5.219155232359112e-06,5.221383617788922e-06,1.9257887720677742,6.690875496162187,1.1181824317088675e-06,3338.61681035275,0.0,2.6734345517859144e-05
0.76,TE11,0.08784923322365325,15821.652094777524,0.6663050976823182,0.6664910435054817,0.26259640932074807,0.9123533722848681,0.5400547605344715,9.004031251858855,0.0,0.00025434678136476225
0.76,TM11,0.18282391732568906,15460.681164901047,0.2657209005424912,0.2657950552979554,0.6229004747133031,2.1641779115432285,0.161438801390083,40.36603625217691,0.0,0.1545960513344376
0.76,TE12,0.2543815366920744,15009.675235576473,0.06062594273335364,0.06064286162061089,0.09514431695813312,0.3305652147149696,0.05618261940496892,81.67025176246459,0.0,0.00032767934926035587
0.76,TM12,0.3347378549623198,14300.215956521612,0.006458241771598582,0.00646004407370701,0.6734490609521993,2.339801688115734,0.0037682016073125432,151.91690335019658,0.0,0.06157642082168545
0.76,TE13,0.4072971177228144,13447.897070490182,0.0005199040023131122,0.000520049091969506,0.21533321279849404,0.7481442087110771,0.00043763166686627966,246.1095902328076,0.0,6.429495266173072e-05
0.76,TM13,0.485411279388828,12256.230204663803,6.812351448183521e-05,6.814252571711044e-05,0.7857611192611736,2.730013745514005,3.6332532482988235e-05,399.76774874502973,0.0,0.011905989846165067
0.76,TE14,0.5585338982598654,10802.0406380156,7.034847619379791e-06,7.036810834933696e-06,0.4873676308385214,1.6932885818514476,4.763496347054313e-06,633.2051039624878,0.0,-1.3361629826781664e-05
0.76,TM14,0.6357193302349714,8728.909777918734,1.1470799894957666e-05,1.1474001052109596e-05,1.1032846430744427,3.833203459646633,4.745405810685916e-06,1100.4805397123016,0.0,-0.008670078457543423
0.76,TE15,0.709193116772911,5726.112612128764,4.291874937479669e-06,4.293072671402073e-06,1.4700130786951524,5.107348547223323,1.3240738353883695e-06,2377.2666631375555,0.0,2.0483931577189552e-05
0.78,TE11,0.08784923322365325,16243.57655766673,0.6471388672881739,0.6472555838040067,0.2655214339934425,0.9225159488831247,0.5232941618316593,8.543818003417561,0.0,0.0002379315261487744
0.78,TM11,0.18282391732568906,15892.19199667963,0.27407458710645904,0.27412401858477436,0.630064482145515,2.189068222712217,0.1655624887934717,38.23382290934344,0.0,0.1489432473390825
0.78,TE12,0.2543815366920744,15453.784489699594,0.06921718918975282,0.06922967304687581,0.09241203417073154,0.32107229201442766,0.06428456804487549,77.16991710429961,0.0,0.00033187421107577173
0.78,TM12,0.3347378549623198,14765.679150643813,0.008595067864838875,0.008596618052016992,0.6781338699804956,2.356078381793812,0.004996219061451157,142.94474272241214,0.0,0.06723648725604588
0.78,TE13,0.4072971177228144,13941.844927953422,0.000701733009874074,0.0007018595728671153,0.20552915267350563,0.7140814150108357,0.0005953382204215052,230.23368085343,0.0,7.055808779398706e-05
0.78,TM13,0.485411279388828,12796.26051650698,7.822042890635023e-05,7.82345365676118e-05,0.782502776828955,2.7186931044062947,4.182643814848347e-05,370.29455443228545,0.0,0.012008602914836023
0.78,TE14,0.5585338982598654,11411.099260016215,3.385010211232276e-06,3.3856207240879928e-06,0.4557276360364164,1.5833599806514334,2.3508449439323534e-06,577.2052000579605,0.0,-8.673207291387509e-06
0.78,TM14,0.6357193302349714,9472.220979667198,7.425125676130233e-06,7.426464855157094e-06,1.0571029192549877,3.672751717090079,3.1873417915196196e-06,968.4641614766351,0.0,-0.006440367595200506
0.78,TE15,0.709193116772911,6805.693941353976,3.1997402141549926e-06,3.2003173121292363e-06,1.2212046447358813,4.242899507867313,1.2045498246575724e-06,1870.6890691131116,0.0,1.5603404475770785e-05
0.8,TE11,0.08784923322365325,16665.36195436107,0.628215015392777,0.6282874183439365,0.2684282113779167,0.9326151279087113,0.5068118955051798,8.11810893021797,0.0,0.00022281672286982677
0.8,TM11,0.18282391732568906,16323.059644086748,0.2815746025521011,0.28160705454974017,0.6371773223061773,2.2137807605717,0.16912795735911448,36.26833928558492,0.0,0.14341058762926553
0.8,TE12,0.2543815366920744,15896.539395074797,0.07795771067773645,0.0779666954491609,0.08988437326310328,0.31229029853998347,0.07254876890390383,73.0409053364009,0.0,0.00033432520448484145
0.8,TM12,0.3347378549623198,15228.45331820808,0.011072000468896044,0.011073276537581996,0.68297710203751,2.3729054934493177,0.006411144214437861,134.78031532303132,0.0,0.0723434385765885
0.8,TE13,0.4072971177228144,14431.061973402577,0.0009517018956129627,0.0009518115810298632,0.19655835913769984,0.6829136859636852,0.0008132228364645742,215.95224493176323,0.0,7.775515974696432e-05
0.8,TM13,0.485411279388828,13327.59516534775,9.66214570092571e-05,9.663259281222487e-05,0.7803873928793166,2.7113435077948176,5.175344109367407e-05,344.3027644984716,0.0,0.012590464214273652
0.8,TE14,0.5585338982598654,12003.903365448585,1.1076131119361573e-06,1.1077407664112689e-06,0.42808634501036447,1.4873242993290634,7.864220073475034e-07,529.4004705215754,0.0,-4.656967409348649e-06
0.8,TM14,0.6357193302349714,10178.579467329057,4.604566573786587e-06,4.6050972586645085e-06,1.0218214102067962,3.5501711995472855,2.033160372783263e-06,863.6099149255717,0.0,-0.004710232864899812
0.8,TE15,0.709193116772911,7758.735702965238,2.2611206160083205e-06,2.261381214372758e-06,1.0580241603387561,3.6759524364435445,9.699034096848147e-07,1549.094413201034,0.0,1.1826916303448482e-05
0.8,TM15,0.7858706096283751,3137.2906326421125,9.135673595398192e-06,9.136726498803762e-06,3.31518360292648,11.51812756197689,6.440622105150946e-07,5796.468620190641,0.0,0.01641935542578681
0.82,TE11,0.08784923322365325,17087.018583223755,0.6096256694429973,0.6096700621030355,0.27131625549800437,0.9426492209074887,0.49067996250678486,7.723529663117645,0.0,0.00020888809064926003
0.82,TM11,0.18282391732568906,16753.333732066043,0.2882310817592491,0.2882520706136664,0.6442381459494658,2.238312574539478,0.1721510017587349,34.45244068695577,0.0,0.13801276190532777
0.82,TE12,0.2543815366920744,16338.050059071722,0.08676544974652055,0.08677176796654758,0.08754137125931134,0.3041498758093027,0.08089689163568262,69.24254260172842,0.0,0.00033525740381110325
0.82,TM12,0.3347378549623198,15688.776416866012,0.013886048248776796,0.01388705942440486,0.6879528339876344,2.3901929568842677,0.008008651106951788,127.32577571125219,0.0,0.07691711703109007
0.82,TE13,0.4072971177228144,14916.01369916756,0.0012845433444687155,0.0012846368843225204,0.18831883739279373,0.6542866553450085,0.0011048926835768099,203.04682438946085,0.0,8.562293161955932e-05
0.82,TM13,0.485411279388828,13851.234886643473,0.00012594922677228634,0.00012595839833688154,0.7792186546999125,2.7072828954579786,6.752540786419064e-05,321.2231382487877,0.0,0.013587781537940543
0.82,TE14,0.5585338982598654,12582.750533988836,6.855338918020795e-08,6.855838120638547e-08,0.4036852501711939,1.4025462126006658,4.96334323331885e-08,488.1143009060933,0.0,-1.0904638523917275e-06
0.82,TM14,0.6357193302349714,10855.201286309764,2.647404734165019e-06,2.6475975169565553e-06,0.9942831671585438,3.4544935435699524,1.1950084790539729e-06,778.1351874032824,0.0,-0.0033327061120264154
0.82,TE15,0.709193116772911,8627.276204111931,1.5457871082745053e-06,1.545899671778683e-06,0.9401071777778321,3.2662668776524146,7.286567514074318e-07,1323.643415824641,0.0,8.936291539818161e-06
0.82,TM15,0.7858706096283751,4906.577983404771,4.182249566770732e-06,4.182554116254979e-06,2.1997302685701148,7.642645738524471,7.196898388101836e-07,3339.150573265029,0.0,0.008560379427807229
0.84,TE11,0.08784923322365325,17508.555747561975,0.5914213160815205,0.591448220798046,0.27418520815128244,0.9526169833567716,0.4749362021128804,7.357109530778998,0.0,0.00019603805178139343
0.84,TM11,0.18282391732568906,17183.058849926387,0.2940533089990428,0.294066685961805,0.6512464202791368,2.2626618134918006,0.17464650119326197,32.77115441884569,0.0,0.13275904122831428
0.84,TE12,0.2543815366920744,16778.414705650386,0.09556158882372102,0.09556593607565145,0.08536554201647846,0.29659027073949423,0.08925331074536239,65.73968552810987,0.0,0.00033486761249437605
0.84,TM12,0.3347378549623198,16146.858077052104,0.017028009417341738,0.01702878404915481,0.6930392962117015,2.4078651366948414,0.009780867328857164,120.49812778833862,0.0,0.08097817336804596
0.84,TE13,0.4072971177228144,15397.103135843636,0.001715471981299343,0.0017155500209068263,0.1807249457422486,0.6279027734249851,0.0014845449494023948,191.33673758596686,0.0,9.393258046382179e-05
0.84,TM13,0.485411279388828,14368.021025423815,0.0001698182728287947,0.00016982599813792216,0.778841403657262,2.7059721910890557,9.10724878309162e-05,300.6044358392597,0.0,0.014941377266965985
0.84,TE14,0.5585338982598654,13149.48406982753,3.154999750942843e-07,3.1551432770073063e-07,0.3819542798396497,1.3270450885895224,2.3243141195674535e-07,452.1037883418692,0.0,2.2071495424166516e-06
0.84,TM14,0.6357193302349714,11507.333108429282,1.3185251695815928e-06,1.3185851514337086e-06,0.9724592987846888,3.378669658701568,6.05649633386901e-07,707.025849040617,0.0,-0.0022032536948287797
0.84,TE15,0.709193116772911,9434.68149987521,1.0381434441786838e-06,1.0381906710105866e-06,0.8496120336894786,2.951854543919522,5.261043726142014e-07,1155.4635517052636,0.0,6.754391816103357e-06
0.84,TM15,0.7858706096283751,6217.541942704049,2.3247003933512214e-06,2.3248061477489564e-06,1.7998137419825915,6.253193412773459,5.508681305737006e-07,2443.718066902457,0.0,0.005468313153423072
0.86,TE11,0.08784923322365325,17929.9818732764,0.5736507478513,0.5736668670647764,0.27703481785535966,0.9625175415172411,0.45961671028300455,7.016224819455878,0.0,0.0001841713882978405
0.86,TM11,0.18282391732568906,17612.27518098012,0.2990646610140648,0.2990730645368218,0.6582018702227521,2.286827521729132,0.1766372706355506,31.211354558106258,0.0,0.1276578072723732
0.86,TE12,0.2543815366920744,17217.721267499943,0.10427582049164286,0.10427875057448024,0.08334150377116543,0.28955804161068954,0.097550120815993,62.50182734154456,0.0,0.0003333359471612249
0.86,TM12,0.3347378549623198,16602.883826943966,0.02048358301818043,0.020484158593560862,0.6982181067653379,2.425858167464974,0.011717099276572997,114.22653075548357,0.0,0.08454978355946272
0.86,TE13,0.4072971177228144,15874.681432593876,0.0022595769179746547,0.0022596404106186435,0.1737041760967098,0.6035101212988143,0.001966419252362064,180.67124832939447,0.0,0.0001024887640231121
0.86,TM13,0.485411279388828,14878.66774269644,0.0002328402718940922,0.00023284681455452213,0.779131365015079,2.7069796200303764,0.0001248418327542282,282.08413582061866,0.0,0.016596449077020185
0.86,TE14,0.5585338982598654,13705.606769245305,2.0965968922874437e-06,2.0966558052985527e-06,0.3624552352982993,1.259298469015969,1.5688632531475567e-06,420.4264953943291,0.0,5.37979886125523e-06
0.86,TM14,0.6357193302349714,12138.922558402272,4.7591259363047824e-07,4.759259664652938e-07,0.9549809875988482,3.31794378589358,2.2168321879688895e-07,646.8909072012821,0.0,-0.0012440917719645805
0.86,TE15,0.709193116772911,10195.48628632408,6.971195027659258e-07,6.971390913712327e-07,0.7772540566951033,2.7004571828768045,3.743359303447804e-07,1024.5318937799457,0.0,5.13975106535136e-06
0.86,TM15,0.7858706096283751,7320.693506753224,1.37149594357499e-06,1.3715344817203326e-06,1.5835172914856275,5.501702573524729,3.863885693715085e-07,1950.814013639517,0.0,0.0037365573139377817
0.86,TE16,0.8595830165870509,561.2161095583267,3.074897848960751e-08,3.074984251593418e-08,20.669673426315036,71.81380089432719,2.025119256175215e-15,41517.31736443727,0.0,-6.1354876698638694e-06
0.88,TE11,0.08784923322365325,18351.30461016432,0.5563495007847729,0.5563590482617827,0.2798649223226773,0.9723503315441674,0.44474663365327216,6.6985511447599215,0.0,0.00017320178081906435
0.88,TM11,0.18282391732568906,18041.019039111572,0.3032950930672896,0.3033002978943347,0.6651044306306535,2.310809472898375,0.17814942983686058,29.76149265101064,0.0,0.12271520891690697
0.88,TE12,0.2543815366920744,17656.048724568525,0.11284530023496472,0.1128472367657033,0.08145567222337921,0.2830059917306686,0.10572626184973938,59.50237057752185,0.0,0.00033082386167991313
0.88,TM12,0.3347378549623198,17057.018563923048,0.024233801348837767,0.024234217223500925,0.7034736673590088,2.44411785518609,0.013804152803447899,108.45017031200652,0.0,0.08765651109739253
0.88,TE13,0.4072971177228144,16349.05628791334,0.0029311949142419125,0.0029312452162840916,0.16719467890038048,0.5808938116001702,0.0025642202013507467,170.92361193133948,0.0,0.00011112579312470059
0.88,TM13,0.485411279388828,15383.786423263084,0.0003205694249009703,0.00032057492617168227,0.7799878235290825,2.7099552616832625,0.00017176179573700505,265.3675185143025,0.0,0.018502109564523098
0.88,TE14,0.5585338982598654,14252.360781014517,5.885104706422187e-06,5.885205700315065e-06,0.344844759533791,1.1981134094302337,4.466248189636214e-06,392.353884172431,0.0,8.539158314656617e-06
0.88,TM14,0.6357193302349714,12753.02206529517,5.414238919608433e-08,5.4143318330046665e-08,0.9408883398856421,3.268980912795565,2.5505822036590837e-08,595.3468378398879,0.0,-0.00039551659555314716
0.88,TE15,0.709193116772911,10919.435495191146,4.79931187789935e-07,4.799394238573265e-07,0.7176527436259098,2.493381011835693,2.702967798463493e-07,919.364919990032,0.0,3.9811221487086135e-06
0.88,TM15,0.7858706096283751,8299.31830567046,8.325178736894572e-07,8.325321604736605e-07,1.4458024112225574,5.023232072930981,2.618607208344618e-07,1630.8392473231797,0.0,0.0026414946649189718
0.88,TE16,0.8595830165870509,3949.8220770872394,1.2788942485852606e-07,1.278916195604929e-07,2.9037359265858376,10.088611918563641,1.2530645463249463e-08,4895.966637919165,0.0,-4.5567061719376455e-06
0.9,TE11,0.08784923322365325,18772.530919472192,0.539542666353075,0.5395482573614581,0.2826754338268115,0.9821150486447362,0.4303425500200085,6.402023297036499,0.0,0.0001630510877885327
0.9,TM11,0.18282391732568906,18469.323328078033,0.3067800172484088,0.3067831962549177,0.6719542072127161,2.3346080342732547,0.17921166060671542,28.411373524198133,0.0,0.11793549038265448
0.9,TE12,0.2543815366920744,18093.46823557714,0.12121497258948755,0.12121622867908,0.07969600601016497,0.2768922851195443,0.11372790502371927,56.71803138427937,0.0,0.0003274758776109941
0.9,TM12,0.3347378549623198,17509.40942800518,0.028255762352531685,0.02825605515273829,0.708792682677687,2.462598007202576,0.01602681517320029,103.1165612650041,0.0,0.09032396209329556
0.9,TE13,0.4072971177228144,16820.498736151072,0.0037433765423557147,0.0037434153330778096,0.16114333660678512,0.5598692950704404,0.0032906113021988373,161.98649155054747,0.0,0.00011970476431549843
0.9,TM13,0.485411279388828,15883.904461563432,0.0004394004909463091,0.0004394050442318629,0.7813282993018544,2.7146125515331816,0.00023517940250804918,250.21243820115015,0.0,0.020611220060437918
0.9,TE14,0.5585338982598654,14790.785106264706,1.241033876957271e-05,1.2410467371650772e-05,0.3288493203227601,1.1425395615504765,9.539589361806116e-06,367.3132899453749,0.0,1.1768952793372325e-05
0.9,TM14,0.6357193302349714,13352.04508775366,5.868854167851754e-08,5.868914983825907e-08,0.9294866646339853,3.2293674356255857,2.7900794766734376e-08,550.664706412713,0.0,0.0003891038842612237
0.9,TE15,0.709193116772911,11613.423602071074,3.5116245256215997e-07,3.511660914814494e-07,0.6674413843125985,2.3189288816066327,2.058804862833488e-07,832.8523207908637,0.0,3.192642253220522e-06
0.9,TM15,0.7858706096283751,9193.27039558491,5.166176864040679e-07,5.166230398524524e-07,1.3499605840621092,4.690243459560519,1.754465869980592e-07,1403.3495266013347,0.0,0.0019115428052663321
0.9,TE16,0.8595830165870509,5589.152947285206,1.0522775313150107e-07,1.0522884355360588e-07,2.0294258814398325,7.0509476939276965,2.0750832646136817e-08,3168.6712686372866,0.0,-3.359501736874594e-06
0.92,TE11,0.08784923322365325,19193.667149831574,0.523246365392548,0.5232496026119698,0.28546632694810775,0.9918116045020219,0.41641374841699386,6.124801246757489,0.0,0.00015364851651784013
0.92,TM11,0.18282391732568906,18897.217936327866,0.3095587600722624,0.30956067524969433,0.6787514445017578,2.3582240554477973,0.17985424508546466,27.15196770848651,0.0,0.11332118624549457
0.92,TE12,0.2543815366920744,18530.044099457056,0.12933749541085587,0.12933829559577795,0.07805179436896843,0.2711797087767223,0.12150844857428798,54.12834856241824,0.0,0.0003234209229105165
0.92,TM12,0.3347378549623198,17960.188196494517,0.032523376357887795,0.032523577573438586,0.7141637746838091,2.481259092163004,0.01836833179243438,98.18018281660672,0.0,0.09257838666842305
0.92,TE13,0.4072971177228144,17289.2486612011,0.004707442057525135,0.004707471181516936,0.15550424714439903,0.540277091578656,0.004156782241019902,153.76838917296635,0.0,0.00012811074814814962
0.92,TM13,0.485411279388828,16379.479920927251,0.0005964239132328602,0.0005964276031869684,0.7830846113639621,2.7207146046297694,0.0003187745104225017,236.41804758722617,0.0,0.022880291725719776
0.92,TE14,0.5585338982598654,15321.757914667825,2.2692337281405715e-05,2.2692477674306335e-05,0.31424784648829374,1.0918088454387689,1.7648115826004273e-05,344.8479625368592,0.0,1.512895587275142e-05
0.92,TM14,0.6357193302349714,13937.935627681416,5.680785288481268e-07,5.680820434350755e-07,0.920259852929437,3.19731020835482,2.720679311081363e-07,511.5571563905208,0.0,0.0011464359221612728
0.92,TE15,0.709193116772911,12282.53024816653,2.8571669387484037e-07,2.857184615462314e-07,0.6243882918082896,2.1693471175787002,1.7338076081496628e-07,760.3307883130202,0.0,2.709457005960533e-06
0.92,TM15,0.7858706096283751,10025.226286838728,3.300389344348292e-07,3.3004097631895725e-07,1.2794252422216181,4.4451785816366405,1.1858979494418167e-07,1231.953051879846,0.0,0.0014156370769065677
0.92,TE16,0.8595830165870509,6872.231966699843,7.386480279445853e-08,7.386525978105225e-08,1.6327309109759722,5.672688200557873,2.000638963296567e-08,2409.335277146704,0.0,-2.456035318367556e-06
0.94,TE11,0.08784923322365325,19614.719103341533,0.5074691556743196,0.5074710090132359,0.28823762828485927,1.0014400915279602,0.402963436460454,5.8652412509939555,0.0,0.00014492989591489858
0.94,TM11,0.18282391732568906,19324.730077740784,0.3116732144784313,0.31167435274681893,0.685496499496127,2.3816587767613053,0.18010824834434125,25.975253747911434,0.0,0.10887332364976175
0.94,TE12,0.2543815366920744,18965.83457621338,0.1371729806433234,0.13717348161568882,0.07651347901168432,0.26583505380795813,0.129028328186934,51.715276561572786,0.0,0.00031877362744317777
0.94,TM12,0.3347378549623198,18409.473292247352,0.037008117930850966,0.03700825308898701,0.7195771707660257,2.500067156537911,0.02081087227144781,93.60137284390471,0.0,0.09444631462945352
0.94,TE13,0.4072971177228144,17755.519314098132,0.0058326382755973,0.005832659577099826,0.15023751779427805,0.5219785996231724,0.005172103219990727,146.19083765783455,0.0,0.0001362501311402034
0.94,TM13,0.485411279388828,16870.913114722825,0.0007992470951558686,0.0007992500141032148,0.7851999226587759,2.7280639488125313,0.00042645643457294525,223.8163211384127,0.0,0.025269420764499197
0.94,TE14,0.5585338982598654,15846.028285982384,3.807627181546048e-05,3.807641087462409e-05,0.3008593888729976,1.0452925793306196,2.9931271099063647e-05,324.58889616254845,0.0,1.8658666215870472e-05
0.94,TM14,0.6357193302349714,14512.284327625977,1.7424417422765256e-06,1.7424481058851396e-06,0.912815889287523,3.1714472296894467,8.394861657537261e-07,477.0442102977097,0.0,0.0019052239402086914
0.94,TE15,0.709193116772911,12930.61855216499,2.696253823219888e-07,2.6962636702659267e-07,0.586946075186089,2.0392595330247167,1.6859116845219717e-07,698.6014499952761,0.0,2.483814021789259e-06
0.94,TM15,0.7858706096283751,10809.510115948357,2.2133223992204648e-07,2.2133304825423594e-07,1.2254994652643734,4.2578212427176245,8.303526096402627e-08,1097.5012935831398,0.0,0.0010810000815687107
0.94,TE16,0.8595830165870509,7972.949206447939,4.780518917429144e-08,4.780536376464144e-08,1.3924857130914747,4.837990890597936,1.569191518365611e-08,1962.6552763695167,0.0,-1.7761626125612336e-06
0.94,TM16,0.9359403154819943,1829.0046793143667,6.363179827029934e-07,6.363203066134563e-07,7.242767204945566,25.16395064654158,1.9376669518742786e-09,13037.554406785128,0.0,-0.0057902047368689775
0.96,TE11,0.08784923322365325,20035.69209326051,0.4922148311644272,0.49221588036037667,0.2909894077941621,1.0110007527783975,0.38999103187299833,5.621871202892751,0.0,0.00013683723992979644
0.96,TM11,0.18282391732568906,19751.88458680563,0.3131676433426412,0.31316831088494607,0.6921898199139587,2.4049137537459027,0.18000538965311558,24.874085034983988,0.0,0.10459178203867998
0.96,TE12,0.2543815366920744,19400.89259094131,0.14468903979196648,0.1446893482084238,0.07507250391864026,0.2608285935562057,0.13625510262212395,49.46284622752663,0.0,0.00031363604468056736
0.96,TM12,0.3347378549623198,18857.371477778102,0.041679882519831436,0.041679971363891274,0.725024449808348,2.5189929423736537,0.023336041687629913,89.34542559239651,0.0,0.09595437780465396
0.96,TE13,0.4072971177228144,18219.501043284974,0.007125920289484594,0.007125935478963314,0.14530829687770339,0.5048527320699687,0.006343890626675148,139.18617044192067,0.0,0.00014404834334681203
0.96,TM13,0.485411279388828,17358.555858062533,0.0010557951889969795,0.0010557974395103034,0.7876264911318587,2.7364947111950935,0.0005622509625149857,212.2655948226087,0.0,0.027742271820261503
0.96,TE14,0.5585338982598654,16364.24042212483,6.026230276414908e-05,6.026243121814916e-05,0.2885341686076704,1.0024703781348296,4.784082774693604e-05,306.23455596620323,0.0,2.2380689728960922e-05
0.96,TM14,0.6357193302349714,15076.410333988957,3.837315874128892e-06,3.8373240536798045e-06,0.9068513207027694,3.150724195903111,1.8576125250132758e-06,446.3656309946727,0.0,0.0026877230598046486
0.96,TE15,0.709193116772911,13560.702352553273,3.0066753083107574e-07,3.00668171728374e-07,0.5540023665736552,1.9248013661142478,1.930218147465679e-07,645.3894665615587,0.0,2.4816209238278894e-06
0.96,TM15,0.7858706096283751,11555.832341278594,1.6090911396133971e-07,1.6090945695220446e-07,1.1831313856766745,4.110619457327422,6.244802354617637e-08,988.8465603554337,0.0,0.0008637360171250498
0.96,TE16,0.8595830165870509,8958.776211154585,2.898216572892402e-08,2.8982227506767683e-08,1.2264734123388183,4.261205081438403,1.086451458836902e-08,1662.2899628935695,0.0,-1.264097891047985e-06
0.96,TM16,0.9359403154819943,4476.271916439428,1.6594840686193076e-07,1.6594876059445826e-07,3.0543440229384022,10.611878039970618,1.4414025414182502e-08,4663.008441490942,0.0,-0.0018313758146314776
0.98,TE11,0.08784923322365325,20456.590994527305,0.47748070412824517,0.4774812914711366,0.2937217714886522,1.0204939565789561,0.3774908506515464,5.393369525406983,0.0,0.00012931775311716108
0.98,TM11,0.18282391732568906,20178.70417524187,0.31408598280215005,0.31408636915529,0.6988319262085696,2.4279907946416177,0.17957648869654644,23.842076877445834,0.0,0.10047517397750833
0.98,TE12,0.2543815366920744,19835.266340200105,0.15185955630928322,0.15185974310977612,0.07372118805651562,0.25613364137837313,0.14316233148392857,47.35688056477838,0.0,0.0003080979352075459
0.98,TM12,0.3347378549623198,19303.97929216546,0.046507486630278996,0.046507543838541936,0.7304983340618886,2.538011164180771,0.02592517839236252,85.38185044495194,0.0,0.09712876759690682
0.98,TE13,0.4072971177228144,18681.36439684468,0.008591785408467889,0.008591795977112949,0.14068598961653087,0.4887931917724602,0.00767722205413082,132.69573448249247,0.0,0.00015144717559382477
0.98,TM13,0.485411279388828,17842.71893347286,0.0013740927347895586,0.0013740944250434117,0.790323936812558,2.7458665973899854,0.0007301790759821447,201.6455812545115,0.0,0.03026594367392236
0.98,TE14,0.5585338982598654,16876.95239237636,9.132626027036361e-05,9.13263726096253e-05,0.27714696263891225,0.9629071724026101,7.316526615795122e-05,289.53601851258117,0.0,2.6303715047511797e-05
0.98,TM14,0.6357193302349714,15631.420473528402,7.221450284072063e-06,7.221459167085457e-06,0.9021273663130809,3.1343114973094757,3.5090800533145698e-06,418.92190934331944,0.0,0.0035107543531565466
0.98,TE15,0.709193116772911,14175.182741537326,3.897752611529675e-07,3.8977574061051815e-07,0.5247334735820637,1.823110816372928,2.561552076646776e-07,599.0285381998482,0.0,2.6794385841834253e-06
0.98,TM15,0.7858706096283751,12271.12132452345,1.320208861409765e-07,1.3202104853817567e-07,1.1491645535125357,3.9926065951144665,5.2648012869619425e-08,899.0087213467453,0.0,0.0007361024392546542
0.98,TE16,0.8595830165870509,9864.219617536053,1.6286057113141112e-08,1.628607714641113e-08,1.1026479614816884,3.8309914012269326,6.740883374077227e-09,1443.9326783254382,0.0,-8.755561025891854e-07
0.98,TM16,0.9359403154819943,6089.348711589618,7.610836231214734e-08,7.610845593206789e-08,2.315772173790269,8.045816611377695,1.1935777540974524e-08,3166.170235606947,0.0,-0.0010309738813283529
1.0,TE11,0.08784923322365325,20877.42028813169,0.463261165165808,0.4632614903076992,0.2964348552649866,1.0299201750829823,0.36545497437540675,5.178547037598271,0.0,0.00012232367280082826
1.0,TM11,0.18282391732568906,20605.209655857438,0.3144726259407678,0.31447284665476677,0.7054233966637616,2.4508919086121637,0.1788519404225503,22.87351033496148,0.0,0.09652129595976744
1.0,TE12,0.2543815366920744,20268.999816384436,0.1586648384212672,0.15866494978088355,0.0724526170252076,0.25172617418797805,0.14972974204119968,45.38475543701049,0.0,0.0003022386799165522
1.0,TM12,0.3347378549623198,19749.384276029214,0.05145949481632161,0.05145953093339492,0.7359925175134369,2.557099912625344,0.02855982402257857,81.68375921751654,0.0,0.09799523471882896
1.0,TE13,0.4072971177228144,19141.26271951809,0.010232260423620541,0.010232267605177632,0.1363436180560069,0.4737062477155869,0.009174891987449927,126.66844672151872,0.0,0.0001584029909206927
1.0,TM13,0.485411279388828,18323.67817084845,0.0017620513742373362,0.0017620526109408615,0.7932578913207424,2.756060199414463,0.0009341412422759855,191.85347969397372,0.0,0.03281094841698926
1.0,TE14,0.5585338982598654,17384.650839877548,0.00013372846663404844,0.0001337285604919623,0.26659213568785023,0.9262359475842905,0.00010804390444290709,274.2859013894318,0.0,3.0425261978886512e-05
1.0,TM14,0.6357193302349714,16178.252958529232,1.2397173289673492e-05,1.2397181990684221e-05,0.8984534232200408,3.121546911612405,6.041822757951805e-06,394.23346348145225,0.0,0.0043865399757027825
1.0,TE15,0.709193116772911,14776.006514816332,5.637182259428281e-07,5.637186215909503e-07,0.4985141771306244,1.7320156502269635,3.783210544642165e-07,558.2675504112855,0.0,3.0619113976357304e-06
1.0,TM15,0.7858706096283751,12960.51624477556,1.265028560633267e-07,1.2650294484991396e-07,1.1215149243059992,3.8965419439859086,5.157581938298448e-08,823.3695508277424,0.0,0.0006802008787553512
1.0,TE16,0.8595830165870509,10709.686803679188,8.112495000525107e-09,8.112500694315488e-09,1.0055589181891025,3.4936695151850445,3.6290043656159986e-09,1276.8326687310318,0.0,-5.753542407575733e-07
1.0,TM16,0.9359403154819943,7380.699865273967,3.8030560684102226e-08,3.803058737601891e-08,1.969382241496172,6.8423347219203565,7.868632386904491e-09,2454.5368837166725,0.0,-0.0006422048810938409
1.02,TE11,0.08784923322365325,21298.184100192506,0.4495474391476569,0.4495476171438833,0.2991288196798786,1.0392799661216328,0.3538730843945706,4.976331323681492,0.0,0.00011581163687201364
1.02,TM11,0.18282391732568906,21031.42013845572,0.3143711280476461,0.31437125252143827,0.7119648550206552,2.473619262756154,0.17786099894294866,21.963250020550472,0.0,0.09272717078911463
1.02,TE12,0.2543815366920744,20702.133262902942,0.16509076253799648,0.16509082790491927,0.07126055041848758,0.24758451059310094,0.1559424389886408,43.53519717799922,0.0,0.0002961279740094434
1.02,TM12,0.3347378549623198,20193.666020826186,0.056504717697443224,0.05650474007022449,0.741501523543043,2.576240159980782,0.031221998138151776,78.22735674351793,0.0,0.0985787917566333
1.02,TE13,0.4072971177228144,19599.33434012526,0.0120469312985911,0.012046936068517752,0.13225729471785574,0.4595089062993347,0.010837410976870616,121.05961926449122,0.0,0.00016488463058719397
1.02,TM13,0.485411279388828,18801.67944060392,0.0022272597174001654,0.002227260599273335,0.7963989344768596,2.7669733010954363,0.0011778053760310872,182.8009089968547,0.0,0.03535107949479904
1.02,TE14,0.5585338982598654,17887.762657829942,0.00019030784327708883,0.00019030791862859793,0.25677985365620576,0.8921445880545176,0.00015496807157422366,260.30999406744087,0.0,3.4734052346627314e-05
1.02,TM14,0.6357193302349714,16717.71027588886,2.0021642518093286e-05,2.002165044556991e-05,0.8956754127838819,3.1118951147876572,9.779354542362732e-06,371.9117717199103,0.0,0.00532338360825833
1.02,TE15,0.709193116772911,15364.77583970215,8.692888563371224e-07,8.692892005280188e-07,0.4748598423817961,1.6498320737908956,5.945397619916614e-07,522.1471979663885,0.0,3.6195851877240715e-06
1.02,TM15,0.7858706096283751,13627.947365964228,1.4294664015105274e-07,1.4294669675011284e-07,1.0987456484166984,3.8174333769806594,5.9351351713887285e-08,758.7385574538913,0.0,0.000684494035700771
1.02,TE16,0.8595830165870509,11508.403864624335,3.1440320581105144e-09,3.1440333029754458e-09,0.9267064599769124,3.2197080152965576,1.4980150070967744e-09,1144.2128484052262,0.0,-3.35414752895796e-07
1.02,TM16,0.9359403154819943,8498.276212247714,1.9134718361215068e-08,1.913472593751818e-08,1.7619637850066932,6.121689193134195,4.673617383943822e-09,2022.0977954278794,0.0,-0.0004120988179948124
1.02,TE17,1.0098251367594069,3011.9847519245086,1.608012329202377e-09,1.6080129658874111e-09,4.876686792416552,16.94334531133582,3.250534974054253e-11,8135.653729950147,0.0,5.968140228528006e-07
1.04,TE11,0.08784923322365325,21718.88623646655,0.4363284353109494,0.4363285316747839,0.3018038455217437,1.0485739578181978,0.34273315661798937,4.785753217048578,0.0,0.00010974227424720357
1.04,TM11,0.18282391732568906,21457.35320180763,0.31382379312893627,0.31382386243742416,0.718456960192568,2.496175146372932,0.17663157955506112,21.10667358173779,0.0,0.0890892062208723
1.04,TE12,0.2543815366920744,21134.703570712216,0.1711282234833119,0.17112826127725442,0.07013934229517994,0.24368903458496005,0.16179039615748367,41.798110678600594,0.0,0.0002898268306671424
1.04,TM12,0.3347378549623198,20636.897071690633,0.061612716907838184,0.0616127305151055,0.7470205862428636,2.595415347787263,0.03389446828194498,74.9915150204716,0.0,0.09890356598798165
1.04,TE13,0.4072971177228144,20055.704424499694,0.014033055168535638,0.014033058267758372,0.12840578680708634,0.4461273972381037,0.012663084148321598,115.82999657065518,0.0,0.00017087165435981973
1.04,TM13,0.485411279388828,19276.942785984284,0.0027767905966326915,0.0027767912098913467,0.7997217490074268,2.778517941215542,0.0014645066088111456,174.41146645214252,0.0,0.037863286300751815
1.04,TE14,0.5585338982598654,18386.664360066472,0.0002642606200170195,0.00026426067837940115,0.2476331590452239,0.8603657160768885,0.00021676835306993786,247.46084669726122,0.0,3.921210184750279e-05
1.04,TM14,0.6357193302349714,17250.484348430433,3.092724015144073e-05,3.09272469817713e-05,0.8936673778875508,3.1049184869880913,1.5130361970639268e-05,351.6385301544724,0.0,0.006326252094486736
1.04,TE15,0.709193116772911,15942.826286175805,1.379059811424312e-06,1.3790601159918825e-06,0.45338797729696295,1.5752311736107825,9.595331538010634e-07,489.918533514078,0.0,4.347093720026863e-06
1.04,TM15,0.7858706096283751,14276.495466198092,1.8637898507984527e-07,1.8637902624194294e-07,1.0798309106255561,3.75171684698594,7.856430224889057e-08,702.8334528608018,0.0,0.000741712896052417
1.04,TE16,0.8595830165870509,12269.504183062314,5.598016293990797e-10,5.598017530321671e-10,0.8609703595067248,2.991317409728236,2.811269088095274e-10,1036.0516072464416,0.0,-1.3313739226771927e-07
1.04,TM16,0.9359403154819943,9503.582059757187,9.179565493862317e-09,9.179567521184075e-09,1.6221471301207255,5.635916379573018,2.5074396370231125e-09,1725.9059444784775,0.0,-0.0002621642081183345
1.04,TE17,1.0098251367594069,5212.429906743021,1.5139093140599603e-09,1.5139096484092596e-09,2.7910009843974444,9.69693061208283,1.6233299438621567e-10,4245.195869830232,0.0,4.275636553866231e-07
1.06,TE11,0.08784923322365325,22139.530212900692,0.4235913403947595,0.4235913919876606,0.30446013005218475,1.0578028355296818,0.33202194515403527,4.605935077905436,0.0,0.00010407981701070885
1.06,TM11,0.18282391732568906,21883.025045054685,0.312871296179155,0.3128713342864917,0.7249003977076711,2.5185619412313134,0.17519008658713972,20.299610990992548,0.0,0.08560332302145174
1.06,TE12,0.2543815366920744,21566.744624936844,0.1767725502819171,0.17677257181259498,0.06908387264096227,0.24002195741181553,0.1672679104973793,40.1644327619655,0.0,0.00028338846847581834
1.06,TM12,0.3347378549623198,21079.14370753518,0.06675421906114908,0.06675422719173035,0.7525455509701311,2.614611041337362,0.036560962082822515,71.95741538419546,0.0,0.09899267453351533
1.06,TE13,0.4072971177228144,20510.48655342586,0.016185726188047384,0.016185728159448805,0.12477015309259827,0.433495911954715,0.014648143909872685,110.9449612583617,0.0,0.00017635273216205972
1.06,TM13,0.485411279388828,19749.66586728692,0.0034170302156169307,0.0034170306318069828,0.8032044427282593,2.7906180585364755,0.0017971611151772016,166.61876779548393,0.0,0.040327524522347766
1.06,TE14,0.5585338982598654,18881.689675055703,0.0003591037648335116,0.0003591038085719058,0.23908568486124096,0.8306687490983742,0.0002965876639700788,235.61279952173155,0.0,4.383652643009382e-05
1.06,TM14,0.6357193302349714,17777.17606794763,4.6139389626334e-05,4.613939524605456e-05,0.8923253140797729,3.100255679739451,2.259676541178812e-05,333.15033104019886,0.0,0.0073972841956124104
1.06,TE15,0.709193116772911,16511.283677732168,2.1986631542227982e-06,2.1986634220172497e-06,0.4337919482136727,1.5071475952260736,1.5539746824040124e-06,460.98760336264024,0.0,5.2416769319151975e-06
1.06,TM15,0.7858706096283751,14908.625070466464,2.690572835226971e-07,2.690573162935413e-07,1.064016990274214,3.6967736602191765,1.1485962316496772e-07,653.9740933809563,0.0,0.0008475063401660592
1.06,TE16,0.8595830165870509,12999.59659349282,8.82410712307793e-11,8.824108197843259e-11,0.805054016562624,2.7970441362175733,4.634110209810638e-11,945.951507194251,0.0,4.990661715747761e-08
1.06,TM16,0.9359403154819943,10429.134703411648,3.846629010712759e-09,3.846629479227413e-09,1.5210310637048388,5.2846031821635595,1.139252484701741e-09,1507.9528279380843,0.0,-0.0001574393273422146
1.06,TE17,1.0098251367594069,6754.12497871305,1.0708395818532698e-09,1.0708397122802058e-09,2.1337070277872408,7.413257505329496,1.9426683525704966e-10,3054.4368676372505,0.0,3.070010335054451e-07
1.08,TE11,0.08784923322365325,22560.119282747433,0.4113221091965084,0.4113221365142169,0.3070978838128432,1.06696733075267,0.32172537892481357,4.43608059715073,0.0,9.879175031129687e-05
1.08,TM11,0.18282391732568906,22308.450621375312,0.3115524110846581,0.3115524317762226,0.7312958725855718,2.540782096820299,0.17356130499545372,19.5382921072632,0.0,0.0822650679063461
1.08,TE12,0.2543815366920744,21998.28760883656,0.18202293982773177,0.18202295191667497,0.06808948808515962,0.23656711160801625,0.1723730686458135,38.62600664086481,0.0,0.0002768591283434953
1.08,TM12,0.3347378549623198,21520.466617775037,0.07190144994630453,0.07190145472159573,0.7580727906269852,2.63381463880239,0.03920632940492294,69.108246390841,0.0,0.09886813171693548
1.08,TE13,0.4072971177228144,20963.784073065457,0.01849808320009371,0.01849808442863269,0.12133343954404029,0.42155554611454793,0.01678692591804222,106.37387501461701,0.0,0.0001813241996682785
1.08,TM13,0.485411279388828,20220.02685144923,0.004153534133279561,0.004153534409134013,0.8068280006260683,2.8032075881354785,0.0021781963451114436,159.36486084798452,0.0,0.042726589010488536
1.08,TE14,0.5585338982598654,19373.13575518829,0.0004786244204134952,0.0004786244522010459,0.23107984795987646,0.802853622784134,0.0003978409572366615,224.65808682421135,0.0,4.8581085321507334e-05
1.08,TM14,0.6357193302349714,18298.310658491395,6.689023297567007e-05,6.689023741814433e-05,0.8915625672151782,3.097605625704391,3.277948650543786e-05,316.22721714832045,0.0,0.008536243385937559
1.08,TE15,0.709193116772911,17071.10636984008,3.475433667843516e-06,3.4754338986623363e-06,0.4158225468080084,1.4447155002373973,2.491939269106239e-06,434.8768527290714,0.0,6.301996427349694e-06
1.08,TM15,0.7858706096283751,15526.341664912281,4.122173040563088e-07,4.122173314334711e-07,1.0507365812184024,3.650632793256321,1.7785371425181617e-07,610.8934982750795,0.0,0.0009995190604577121
1.08,TE16,0.8595830165870509,13703.63804241049,2.071516160505185e-09,2.0715162980836748e-09,0.7567239013512927,2.629128117449337,1.1307732183829356e-09,869.6154318166015,0.0,2.2900083861194223e-07
1.08,TM16,0.9359403154819943,11294.557745469941,1.1110186843915853e-09,1.1110187581792175e-09,1.4444215714206223,5.01843454408,3.4984680196719695e-10,1339.691753562708,0.0,-7.905811289728316e-05
1.08,TE17,1.0098251367594069,8026.106667116095,7.101386507573202e-10,7.101386979207482e-10,1.7790194254350264,6.180946557321004,1.7109940328650293e-10,2428.5968760180745,0.0,2.2299978908608354e-07
1.1,TE11,0.08784923322365325,22980.65646068722,0.39950586029594654,0.39950587460074394,0.3097173279105743,1.0760682116910594,0.31182887876375975,4.275465903217155,0.0,9.384849578532217e-05
1.1,TM11,0.18282391732568906,22733.643756306934,0.30990382360834434,0.3099038347048309,0.7376441034071856,2.5628381097456985,0.1717683420055378,18.819301238005664,0.0,0.079069711499373
1.1,TE12,0.2543815366920744,22429.361271187034,0.18688191618642672,0.18688192287796296,0.0671519504442523,0.23330977221583515,0.17710723433017744,37.17547402891233,0.0,0.0002702788202569349
1.1,TM12,0.3347378549623198,21960.921491574583,0.07702839150558535,0.0770283942636814,0.7635991348702343,2.6530151252819176,0.041816657580077625,66.42894757156645,0.0,0.09855078444206253
1.1,TE13,0.4072971177228144,21415.691256049748,0.02096154601419317,0.020961546764747038,0.1180804228010028,0.4102534083462274,0.01907207605600895,102.08952851426427,0.0,0.00018578876859499382
1.1,TM13,0.485411279388828,20688.186851091144,0.0049909129678189865,0.004990913146524748,0.8105758386261785,2.8162289110356,0.002609498824443665,152.59893195238678,0.0,0.04504593274702809
1.1,TE14,0.5585338982598654,19861.268295385562,0.0006268174659019548,0.000626817488345923,0.22356540692546778,0.7767457805774854,0.0005241631808850901,214.50375240355152,0.0,5.3417481484712906e-05
1.1,TM14,0.6357193302349714,18814.349902853206,9.462687313844116e-05,9.462687652667244e-05,0.8913063497553904,3.0967154350727664,4.638130307908074e-05,300.68400723223624,0.0,0.009740924452411124
1.1,TE15,0.709193116772911,17623.117261220483,5.408153130901221e-06,5.408153324546778e-06,0.3992747734696208,1.3872226470482174,3.9294042937339035e-06,411.19762003242596,0.0,7.527213161823157e-06
1.1,TM15,0.7858706096283751,16131.301088502556,6.48703749048135e-07,6.487037722757685e-07,1.0395538433697082,3.6117799825342525,2.8240241713194515e-07,572.6164970889022,0.0,0.0011967340590018302
1.1,TE16,0.8595830165870509,14385.453934781923,7.621316982897377e-09,7.621317255787982e-09,0.7144043762218943,2.4820950275256273,4.303487266311263e-09,804.0383626379074,0.0,4.1707166143914704e-07
1.1,TM16,0.9359403154819943,12112.746343339635,4.842866719198706e-11,4.8428668926034894e-11,1.3844394550741868,4.810035326942913,1.5999226409737324e-11,1205.2453687441523,0.0,-1.550589825760705e-05
1.1,TE17,1.0098251367594069,9141.66164021936,4.778360656164419e-10,4.778360827259484e-10,1.5478092891478255,5.3776402665239615,1.3852077070715595e-10,2030.5958464298255,0.0,1.667473104273059e-07
1.1,TM17,1.0859621843316567,3671.3877579321424,4.2719574685097575e-09,4.271957621472435e-09,4.567584346464324,15.869413418377011,1.1058228976351993e-10,7044.139626043574,0.0,0.00033056821939193474
1.12,TE11,0.08784923322365325,23401.144544336737,0.3881272051293605,0.38812721253744603,0.31231869170819127,1.0851062752328828,0.3023176182588171,4.12343178471699,0.0,8.92231271922658e-05
1.12,TM11,0.18282391732568906,23158.617252752574,0.3079600258669478,0.3079600317449028,0.7439458173801148,2.584732506585505,0.16983261502571817,18.139537647717912,0.0,0.07601233380411446
1.12,TE12,0.2543815366920744,22859.992162164905,0.19135482929497838,0.1913548329473195,0.06626739191103181,0.2302365010966504,0.18147457042608736,35.80618209753801,0.0,0.00026368200794599174
1.12,TM12,0.3347378549623198,22400.559532741998,0.08211096973599903,0.08211097130323029,0.7691218100066057,2.6722028639784807,0.04437934568150493,63.90599115911323,0.0,0.0980602738484241
1.12,TE13,0.4072971177228144,21866.294304139912,0.023566069181715107,0.023566069631514697,0.11499739283330293,0.3995418651261121,0.021494777887506707,98.06767986976936,0.0,0.0001897543858836005
1.12,TM13,0.485411279388828,21154.29199492331,0.00593274925747577,0.005932749370712651,0.8144334376464961,2.829631582778955,0.0030923798544766575,146.2762438331889,0.0,0.04727347676383969
1.12,TE14,0.5585338982598654,20346.325784330293,0.0008078139438017989,0.0008078139592203388,0.2164983003118674,0.7521921373350166,0.0006793477347204342,205.06918497932512,0.0,5.8316442390555905e-05
1.12,TM14,0.6357193302349714,19325.7019765857,0.0001310132347052265,0.00013101323720584289,0.8914950691173937,3.0973711132931374,6.420636127633083e-05,286.3636353542817,0.0,0.011007519872216005
1.12,TE15,0.709193116772911,18168.02841872346,8.257532707803244e-06,8.257532865412677e-06,0.38397817369886844,1.334076816069655,6.073550137793658e-06,389.6301481973605,0.0,8.916293074644947e-06
1.12,TM15,0.7858706096283751,16724.887725444965,1.0264459277490976e-06,1.0264459473406107e-06,1.0301279739938514,3.5790311580776493,4.502284765348221e-07,538.3791766763455,0.0,0.0014389893250605988
1.12,TE16,0.8595830165870509,15048.065640824028,1.891414451438051e-08,1.8914144875389992e-08,0.6769468532823585,2.3519542633783876,1.1005031161401886e-08,747.0489641533251,0.0,6.252770109253863e-07
1.12,TM16,0.9359403154819943,12892.696327723837,3.7870318094261925e-10,3.7870318817083084e-10,1.3363211533371007,4.642855223559136,1.300209786725055e-10,1094.9964809222909,0.0,4.090784260727322e-05
1.12,TE17,1.0098251367594069,10152.486009105067,3.5116829408521614e-10,3.511683007878763e-10,1.3813372333016467,4.799257104563279,1.1630264384527185e-10,1750.6648317316833,0.0,1.3202780069077592e-07
1.12,TM17,1.0859621843316567,5743.002933127406,1.6456187125577334e-09,1.6456187439672406e-09,2.9999623172334093,10.422936642337298,1.4929166200844127e-10,4119.270252231215,0.0,0.00015966872205577413
1.1400000000000003,TE11,0.08784923322365325,23821.586133468118,0.3771704907458237,0.37717049454002144,0.3149022108597987,1.0940823401243585,0.2931767139889865,3.979376871502948,0.0,8.489111166431343e-05
1.1400000000000003,TM11,0.18282391732568906,23583.3829843979,0.30575325430553574,0.3057532573813021,0.7502017462364174,2.6064678296372774,0.1677738633548059,17.496181135117222,0.0,0.07308789515331567
1.1400000000000003,TE12,0.2543815366920744,23290.20484202619,0.1954493829875242,0.1954493849536738,0.0654322759082738,0.22733501092267516,0.18548158680723092,34.512102967503296,0.0,0.0002570982241989288
1.1400000000000003,TM12,0.3347378549623198,22839.42791116314,0.0871271744461765,0.08712717532264413,0.7746383877618207,2.6913694182031214,0.04688313970872527,61.527195402015806,0.0,0.09741501589051138
1.1400000000000003,TE13,0.4072971177228144,22315.67221762681,0.02630040136228811,0.026300401626860568,0.1120719679067707,0.3893778979035907,0.0240449892022521,94.28666542143051,0.0,0.00019323322465332766
1.1400000000000003,TM13,0.485411279388828,21618.475194513045,0.006981544926338319,0.006981544996570117,0.8183880415488208,2.843371284002096,0.003627558364838429,140.3572578313467,0.0,0.04939941325952488
1.1400000000000003,TE14,0.5585338982598654,20828.523059770778,0.0010258033684481657,0.0010258033787673738,0.20983970278966343,0.7290578000461537,0.0008672780218172273,196.28413216651987,0.0,6.324860132104309e-05
1.1400000000000003,TM14,0.6357193302349714,19832.729434374578,0.00017792497819942854,0.000177924979989289,0.8920762543031898,3.0993903574463784,8.715611947387505e-05,273.1319755891058,0.0,0.012330949141103513
1.1400000000000003,TE15,0.709193116772911,18706.460289238115,1.2356984177036783e-05,1.2356984301343543e-05,0.36978964840073875,1.2847808301230756,9.192516277372146e-06,369.908804665948,0.0,1.0467507438825602e-05
1.1400000000000003,TM15,0.7858706096283751,17308.27170338041,1.6127364547159454e-06,1.6127364709394866e-06,1.0221883593064565,3.55144611130026,7.118996703534148e-07,507.5738674497077,0.0,0.0017266159405683484
1.1400000000000003,TE16,0.8595830165870509,15693.905806390201,3.966508701138628e-08,3.9665087410402606e-08,0.6434909864263901,2.2357166764756924,2.3704824463060157e-08,697.0351766667354,0.0,8.634315034653748e-07
1.1400000000000003,TM16,0.9359403154819943,13640.968386745973,2.3128553553057945e-09,2.3128553785722767e-09,1.2969989879110069,4.506236027870822,8.194545486989509e-10,1002.7403385207512,0.0,9.570846895477136e-05
1.1400000000000003,TE17,1.0098251367594069,11087.261704062616,3.050183226919543e-10,3.0501832576032755e-10,1.2538551149795945,4.356338860334441,1.1186443733099742e-10,1541.0160912553324,0.0,1.1466067964187684e-07
1.1400000000000003,TM17,1.0859621843316567,7268.8707939548185,8.164377481066195e-10,8.164377563196859e-10,2.4339863111252305,8.456534591597912,1.164848961984672e-10,3051.417717940136,0.0,9.734700182146022e-05
1.1600000000000001,TE11,0.08784923322365325,24241.98364721878,0.36662001501848757,0.3666200169403654,0.31746812563946175,1.102997241163092,0.284391391858545,3.8427516413183107,0.0,8.083007961247633e-05
1.1600000000000001,TM11,0.18282391732568906,24007.951979012512,0.3033134962511195,0.30331349784113487,0.7564126228277982,2.6280466250886274,0.16561019655705136,16.886661944980734,0.0,0.0702912985645208
1.1600000000000001,TE12,0.2543815366920744,23720.022066206482,0.19917521707125152,0.19917521811535827,0.0646433627883179,0.22459404600509175,0.1891367379872371,33.287763824146076,0.0,0.0002505526367962693
1.1600000000000001,TM12,0.3347378549623198,23277.570159855608,0.09205712769693879,0.09205712817951622,0.7801467414530138,2.7105073991027737,0.049318138999479184,59.281564278807444,0.0,0.0966322034241347
1.1600000000000001,TE13,0.4072971177228144,22763.897552096463,0.02915234408236543,0.029152344235186447,0.10929293633020723,0.3797225532736994,0.026711681390440962,90.72706998001479,0.0,0.00019624080771375447
1.1600000000000001,TM13,0.485411279388828,22080.857659374517,0.008138698551359017,0.008138698594023311,0.8224284063235658,2.8574089490144807,0.004215160036445442,134.80690412237473,0.0,0.05141600830951863
1.1600000000000001,TE14,0.5585338982598654,21308.054300878466,0.001284953155108693,0.0012849531618446125,0.2035552523115144,0.7072233827305188,0.0010918549738410809,188.08708749316372,0.0,6.818520437254017e-05
1.1600000000000001,TM14,0.6357193302349714,20335.755753226633,0.00023743732379469763,0.00023743732503938016,0.89300492930545,3.102616904878083,0.00011622171992274171,260.873777164466,0.0,0.013705153950919875
1.1600000000000001,TE15,0.709193116772911,19238.95687896371,1.8123168974859183e-05,1.8123169069863587e-05,0.3565880208284491,1.2389136780687782,1.3625196424169113e-05,351.8109819493649,0.0,1.217809740777853e-05
1.1600000000000001,TM15,0.7858706096283751,17882.451582370395,2.499244847716331e-06,2.499244860817752e-06,1.0155172010480669,3.5282681335440844,1.1091288246237185e-06,479.71063247756354,0.0,0.0020601652796475908
1.1600000000000001,TE16,0.8595830165870509,16324.96507492835,7.581790523604678e-08,7.581790563349577e-08,0.6133774178003398,2.131091422998024,4.6415457862828284e-08,652.772512557919,0.0,1.140300353490946e-06
1.1600000000000001,TM16,0.9359403154819943,14362.514534926864,6.567097819148045e-09,6.567097853573769e-09,1.264398771665036,4.392971275674998,2.3882311452197643e-09,924.2741298597915,0.0,0.00015312303509083382
1.1600000000000001,TE17,1.0098251367594069,11963.82787121897,3.312335200465628e-10,3.312335217829392e-10,1.1520428602886565,4.002606857115219,1.3178731024274143e-10,1377.098014806516,0.0,1.1206398241098981e-07
1.1600000000000001,TM17,1.0859621843316567,8546.478096677702,4.766474742662276e-10,4.766474767648861e-10,2.1248467038874455,7.382473587109043,8.70863196703454e-11,2461.245920843272,0.0,6.68297545452623e-05
1.1600000000000001,TE18,1.1599773171477972,152.0372012264412,7.163536128299382e-13,7.163536165851726e-13,119.4675798987759,415.0728857309937,2.2276085823509277e-54,212022.58671447175,0.0,-5.6901549011659045e-08
1.1800000000000002,TE11,0.08784923322365325,24662.33933953323,0.35646018075947994,0.3564601817222553,0.3200166795200214,1.1118518242603732,0.2759471039724215,3.713053139594539,0.0,7.701961580472743e-05
1.1800000000000002,TM11,0.18282391732568906,24432.334492897655,0.30066852144665684,0.30066852225874263,0.7625791783061912,2.6494714332215583,0.1633581545660739,16.30863439868914,0.0,0.0676174404109802
1.1800000000000002,TE12,0.2543815366920744,24149.464949923593,0.20254352444108495,0.2025435249881416,0.06389767969270059,0.22200327757569066,0.19245005301591794,32.12818606975527,0.0,0.00024406655443670751
1.1800000000000002,TM12,0.3347378549623198,23715.026525249046,0.09688310090138995,0.09688310116306478,0.7856450083646404,2.729610334940779,0.05167577482725554,57.15914937461594,0.0,0.09572782143600152
1.1800000000000002,TE13,0.4072971177228144,23211.03707955784,0.03210900074450913,0.03210900083123341,0.10665012052271622,0.3705404706986592,0.02948307268711899,87.37144619579985,0.0,0.00019879524333198616
1.1800000000000002,TM13,0.485411279388828,22541.550202233735,0.00940450959973438,0.009404509625135338,0.8265445906403043,2.87171003809653,0.004854730771655188,129.59397153539274,0.0,0.05331740512576772
1.1800000000000002,TE14,0.5585338982598654,21785.095561770002,0.0015893281758522979,0.001589328180144968,0.19761441270921923,0.6865827918733259,0.0013569233113258782,180.42397082656962,0.0,7.309866171467174e-05
1.1800000000000002,TM14,0.6357193302349714,20835.07073664872,0.0003118060054896757,0.00031180600633184307,0.8942423242895285,3.1069160553862436,0.0001524729735498158,249.48944002272148,0.0,0.015123360463474336
1.1800000000000002,TE15,0.709193116772911,19765.997883660984,2.6065780698600505e-05,2.6065780769002452e-05,0.3442698730267146,1.1961160491282823,1.9790607794369886e-05,335.1486449377451,0.0,1.4044073813826941e-05
1.1800000000000002,TM15,0.7858706096283751,18448.2867806766,3.807659067024796e-06,3.8076590773090307e-06,1.0099371034782518,3.508880888879665,1.6973443785844499e-06,454.3897194036388,0.0,0.0024402041971645586
1.1800000000000002,TE16,0.8595830165870509,16942.89512580114,1.3648928899048762e-07,1.3648928935913616e-07,0.586090853697299,2.0362881892376237,8.540233647857536e-08,613.3125535927369,0.0,1.4637905734523565e-06
1.1800000000000002,TM16,0.9359403154819943,15061.176392043586,1.4500264439370423e-08,1.4500264478534677e-08,1.237062604531284,4.2979957033344105,5.389845944748704e-09,856.6386294398492,0.0,0.0002165666174817368
1.1800000000000002,TE17,1.0098251367594069,12794.154441713663,4.485764479769322e-10,4.4857644918850746e-10,1.0682174237165252,3.7113674607439573,1.908533210817751e-10,1244.8477214664117,0.0,1.229165613709971e-07
1.1800000000000002,TM17,1.0859621843316567,9674.683374832342,3.3736180727208005e-10,3.373618081832719e-10,1.9258127333294757,6.690958746112078,7.22769870087517e-11,2076.4450269039494,0.0,5.1506063601365065e-05
1.1800000000000002,TE18,1.1599773171477972,4536.55440359998,9.61180852349259e-12,9.611808549453448e-12,3.969971202097637,13.793092691086583,4.013246554809131e-13,5939.426081689064,0.0,-3.719107751425771e-08
1.2000000000000002,TE11,0.08784923322365325,25082.655313045252,0.34667561801222,0.3466756184892203,0.3225481179655674,1.1206469422458003,0.2678296194323995,3.5898203169261556,0.0,7.344107191523258e-05
1.2000000000000002,TM11,0.18282391732568906,24856.5400775648,0.29784394580997925,0.29784394621979066,0.7687021397964948,2.670744780326718,0.161032783056547,15.759953724734928,0.0,0.06506125265569933
1.2000000000000002,TE12,0.2543815366920744,24578.553114907656,0.2055667123505208,0.20556671263336554,0.06319249399493738,0.21955321151764542,0.19543280665392598,31.028832190261273,0.0,0.00023765788374055863
1.2000000000000002,TM12,0.3347378549623198,24151.834277089896,0.1015894924319021,0.1015894925716818,0.7911315573439911,2.7486725585121707,0.05394876840412217,55.15093044126079,0.0,0.09471667514935138
1.2000000000000002,TE13,0.4072971177228144,23657.152368012463,0.035157011530579756,0.03515701157895323,0.10413425977748432,0.3617994751875295,0.03234685069154264,84.20407472994762,0.0,0.00020091656763521003
1.2000000000000002,TM13,0.485411279388828,23000.654368399446,0.010778206864042282,0.010778206878872305,0.8307277800152127,2.8862439265947626,0.005545262660049687,124.69059466392497,0.0,0.055099431867241234
1.2000000000000002,TE14,0.5585338982598654,22259.80692841247,0.0019428132754581065,0.0019428132781312754,0.19198994444030956,0.6670413876107067,0.0016661992077429838,173.24704150642242,0.0,7.79629647254951e-05
1.2000000000000002,TM14,0.6357193302349714,21330.935011290632,0.00040344193151122307,0.00040344193206632965,0.8957548450498883,3.1121710907461506,0.0001970443222201916,238.89243366562457,0.0,0.01657831045678505
1.2000000000000002,TE15,0.709193116772911,20288.00848263918,3.679601967584873e-05,3.679601972647736e-05,0.33274631440662195,1.1560791057635231,2.819635253413483e-05,319.76181192515344,0.0,1.6060126484995335e-05
1.2000000000000002,TM15,0.7858706096283751,19006.52259085906,5.695804266681793e-06,5.6958042745188015e-06,1.0053020331453337,3.492777005129107,2.548457269433937e-06,431.2814741139041,0.0,0.0028671637675059874
1.2000000000000002,TE16,0.8595830165870509,17549.082913321847,2.352031273245063e-07,2.3520312764812857e-07,0.5612217342484274,1.9498840184661217,1.5012557716942001e-07,577.9082200609162,0.0,1.8410642571110882e-06
1.2000000000000002,TM16,0.9359403154819943,15740.001593614905,2.8367012243401206e-08,2.8367012282432137e-08,1.2139328381610424,4.217634664115951,1.074113387865454e-08,797.6833731341069,0.0,0.00028892728297586363
1.2000000000000002,TE17,1.0098251367594069,13586.721596219235,7.155534232032534e-10,7.155534241878026e-10,0.9975901873001514,3.465983308362297,3.2213931650328303e-10,1135.562028796006,0.0,1.4689695665942973e-07
1.2000000000000002,TM17,1.0859621843316567,10700.846427176031,3.029440375362353e-10,3.029440379530641e-10,1.7855891625528642,6.203772161943658,7.260812018170441e-11,1801.6390226846586,0.0,4.525348849788021e-05
1.2000000000000002,TE18,1.1599773171477972,6441.191016541203,5.280149605797542e-12,5.280149613062641e-12,2.7728327427664112,9.63380767539289,5.744674952662431e-13,3875.453289068545,0.0,-2.255747236599257e-08
1.2200000000000002,TE11,0.08784923322365325,25502.9335315816,0.3372512761196865,0.3372512763534127,0.3250626874066749,1.1293834513068843,0.26002509070048657,3.472629902892512,0.0,7.007739788797002e-05
1.2200000000000002,TM11,0.18282391732568906,25280.577639579697,0.29486331575686703,0.2948633159612169,0.7747822284836258,2.6918691720571446,0.15864771731783525,15.238655650829209,0.0,0.0626177372105088
1.2200000000000002,TE12,0.2543815366920744,25007.30482050332,0.20825810389901206,0.20825810404334172,0.06252528983935471,0.21723510685306563,0.19809722840125712,29.98555922902363,0.0,0.0002313415394574152
1.2200000000000002,TM12,0.3347378549623198,24588.02798337529,0.10616277232229517,0.10616277239586942,0.7966049608056823,2.767689109877312,0.05613107246651138,53.24871177124557,0.0,0.0936124277893588
1.2200000000000002,TE13,0.4072971177228144,24102.30029118776,0.038282770015384555,0.03828277004191576,0.10173690876107058,0.35347022464662037,0.03529037976546589,81.21075847912311,0.0,0.0002026261822430764
1.2200000000000002,TM13,0.485411279388828,23458.2634169242,0.012257997584779572,0.012257997593274762,0.8349701384655221,2.9009833895165626,0.006285230256554776,120.0718206045342,0.0,0.05675941606782624
1.2200000000000002,TE14,0.5585338982598654,22732.334364368115,0.0023490411639352318,0.002349041165563194,0.18665746237145195,0.6485144473118836,0.002023201706120097,166.5139974801589,0.0,8.275398765430839e-05
1.2200000000000002,TM14,0.6357193302349714,21823.58379412365,0.0005148804021975436,0.0005148804025543725,0.8975132420188231,3.1182803875509806,0.00025111827702213927,229.00721353153043,0.0,0.018062462814886777
1.2200000000000002,TE15,0.709193116772911,20805.367320835052,5.103325490813454e-05,5.103325494350225e-05,0.3219404446687601,1.1185356689689732,3.9445703112117335e-05,305.5134688303332,0.0,1.8219619903758767e-05
1.2200000000000002,TM15,0.7858706096283751,19557.809748539523,8.364045310198888e-06,8.364045315995444e-06,1.0014906218738093,3.4795348060612117,3.7537288327591848e-06,410.1114437069302,0.0,0.0033412310412881162
1.2200000000000002,TE16,0.8595830165870509,18144.70535064917,3.9144498758412176e-07,3.914449878554059e-07,0.5384397106558149,1.8707311614032311,2.5444716721664477e-07,545.9623046993105,0.0,2.2785950243638826e-06
1.2200000000000002,TM16,0.9359403154819943,16401.453329819025,5.169552305968318e-08,5.169552309550986e-08,1.1942217487246556,4.149151325119757,1.9885558886421506e-08,745.8040478165068,0.0,0.0003727361930856177
1.2200000000000002,TE17,1.0098251367594069,14347.788153454247,1.2523447159063718e-09,1.2523447167742876e-09,0.936997797853969,3.2554637853078185,5.91803472519424e-10,1043.532702664293,0.0,1.844805963280338e-07
1.2200000000000002,TM17,1.0859621843316567,11651.958437157158,3.480843348583186e-10,3.480843350995524e-10,1.6810035199058928,5.840404422040578,9.070767526037576e-11,1593.6646401271469,0.0,4.5347653942832866e-05
1.2200000000000002,TE18,1.1599773171477972,7921.424295844968,1.6517625038132187e-12,1.651762504957944e-12,2.236267287723704,7.769588344953249,2.7605064651320076e-13,2972.5466345351574,0.0,-1.1098254916708661e-08
1.2400000000000002,TE11,0.08784923322365325,25923.175831444423,0.3281724915677216,0.32817249168098533,0.3275606343721836,1.1380622079725435,0.25252010052364415,3.3610927467813263,0.0,6.691299028297403e-05
1.2400000000000002,TM11,0.18282391732568906,25704.455494379417,0.2917482069367448,0.29174820703743726,0.7808201580487752,2.7128470879952644,0.15621527107926822,14.742938385976322,0.0,0.060281993457393206
1.2400000000000002,TE12,0.2543815366920744,25435.7370810693,0.21063167761058763,0.21063167768328397,0.06189374736321313,0.21504090355325922,0.20045624760552175,28.994577937474997,0.0,0.00022512981177153746
1.2400000000000002,TM12,0.3347378549623198,25023.639754899,0.11059140109323118,0.11059140113140013,0.8020639704742552,2.7866556520830534,0.05821780069767205,51.44503200788235,0.0,0.09242764575012
1.2400000000000002,TE13,0.4072971177228144,24546.533478238933,0.04147261888143101,0.041472618895744655,0.0994503493158428,0.34552590344977085,0.03830089040312756,78.37864535128702,0.0,0.00020394637734359812
1.2400000000000002,TM13,0.485411279388828,23914.46317627723,0.013841133595501457,0.013841133600278516,0.8392646827683826,2.9159041646607338,0.00707263497016508,115.71524124118275,0.0,0.0582960075566114
1.2400000000000002,TE14,0.5585338982598654,23202.811297882563,0.0028113276560724366,0.002811327657042724,0.18159506411705553,0.6309258742952353,0.002431189869990612,160.18722419151914,0.0,8.744969134671198e-05
1.2400000000000002,TM14,0.6357193302349714,22313.230068523284,0.0006487459472369131,0.0006487459474608179,0.8994919349472243,3.125155070912466,0.0003159069282877177,219.76752588908872,0.0,0.019568166990385553
1.2400000000000002,TE15,0.709193116772911,21318.41307008067,6.960943729819404e-05,6.960943732221867e-05,0.3117853407817105,1.0832532243185742,5.4242887557132357e-05,292.2855596316113,0.0,2.0514654890795595e-05
1.2400000000000002,TM15,0.7858706096283751,20102.71993118799,1.2061743401077183e-05,1.2061743405240113e-05,0.9984011292864897,3.46880080940078,5.426627411038287e-06,390.6491583816071,0.0,0.003862275750965229
1.2400000000000002,TE16,0.8595830165870509,18730.770372133436,6.325571922948792e-07,6.325571925131967e-07,0.5174748521510509,1.79789178250322,4.181293177947326e-07,516.991179925021,0.0,2.7821851874746116e-06
1.2400000000000002,TM16,0.9359403154819943,17047.554012290057,8.98062726537912e-08,8.980627268478648e-08,1.177329470494809,4.090461539343782,3.50155149604227e-08,699.7769436817223,0.0,0.0004702683827786031
1.2400000000000002,TE17,1.0098251367594069,15082.123569581216,2.2770750209441654e-09,2.2770750217300635e-09,0.8842535905601054,3.072211639867129,1.122422012229905e-09,964.8424696975081,0.0,2.367804645624703e-07
1.2400000000000002,TM17,1.0859621843316567,12545.101111308473,4.887398307695121e-10,4.887398309381933e-10,1.5998754173691074,5.558536523968522,1.3590144726402517e-10,1429.7941162190796,0.0,5.053834899486729e-05
1.2400000000000002,TE18,1.1599773171477972,9184.791197763734,2.854652769648589e-14,2.8546527706338295e-14,1.9131703174733283,6.647034494558071,6.1780275440013545e-15,2441.038257393246,0.0,-1.3223053395950658e-09
1.2400000000000002,TM18,1.2359536042171906,2097.802488747798,5.633048489123033e-11,5.633048491067194e-11,9.56744584853357,33.24071150341043,2.670990475094682e-14,15195.084750112448,0.0,-5.093946141031639e-05
1.26,TE11,0.08784923322365325,26343.38393160951,0.3194250364470325,0.3194250365013163,0.33004220475522117,1.1466840665630058,0.24530169343703562,3.2548505657238134,0.0,6.393355591134373e-05
1.26,TM11,0.18282391732568906,26128.1814147623,0.28851833226462376,0.2885183323136552,0.786816633400244,2.733680977243358,0.15374652742646133,14.27114667644743,0.0,0.058049239868517226
1.26,TE12,0.2543815366920744,25863.86577133205,0.21270184246861962,0.21270184250476665,0.06129572425114862,0.2129631584522974,0.20252327233525444,28.052416818262998,0.0,0.00021903269440118857
1.26,TM12,0.3347378549623198,25458.699463310364,0.11486572902193283,0.11486572904145337,0.807507496307303,2.8055683979341772,0.06020514871289625,49.733085412859396,0.0,0.09117384917243096
1.26,TE13,0.4072971177228144,24989.90071165755,0.04471302325067273,0.04471302325827136,0.0972675135571689,0.3379419552506255,0.04136564875669912,75.69607508392689,0.0,0.00020489993088296924
1.26,TM13,0.485411279388828,24369.332793281752,0.015523990798773335,0.015523990801411517,0.8436051754097874,2.9309845806839636,0.007905055412722,111.60067977599142,0.0,0.05970901127813083
1.26,TE14,0.5585338982598654,23671.35999272844,0.0033326157420200467,0.0033326157425863988,0.1767830159613904,0.6142071066099707,0.0028931072310129655,154.23316485816855,0.0,9.203024500401623e-05
1.26,TM14,0.6357193302349714,22800.06727777463,0.0008077139788821889,0.0008077139790194537,0.9016684601136346,3.13271709386843,0.0003926321785743242,211.11501882860188,0.0,0.021087810199989055
1.26,TE15,0.709193116772911,21827.449864947215,9.34709222579797e-05,9.347092227386435e-05,0.3022224442664675,1.0500283188179191,7.339622036429682e-05,279.975794679968,0.0,2.293617875347743e-05
1.26,TM15,0.7858706096283751,20641.758171531335,1.709351154439083e-05,1.7093511547295738e-05,0.9959476011219709,3.4602763794564226,7.705550156518574e-06,372.6995668411107,0.0,0.004429805499042094
1.26,TE16,0.8595830165870509,19308.148293241113,9.959810932862957e-07,9.959810934555549e-07,0.49810404942748165,1.730590720640159,6.686394895059603e-07,490.59866721043267,0.0,3.3569579347472346e-06
1.26,TM16,0.9359403154819943,17679.986696322616,1.5049158034316143e-07,1.504915803687363e-07,1.1627904236701703,4.039947716879193,5.9363217414922113e-08,658.650768161357,0.0,0.0005836000593297892
1.26,TE17,1.0098251367594069,15793.456972693315,4.162366757505905e-09,4.162366758213267e-09,0.8377900107596151,2.910780629332534,2.129424671540338e-09,896.7036896614068,0.0,3.0541947589442046e-07
1.26,TM17,1.0859621843316567,13391.877899426614,7.803186950953185e-10,7.803186952279276e-10,1.5351193300828723,5.333550832944064,2.2851616587084513e-10,1296.7840263201938,0.0,6.034082471387156e-05
1.26,TE18,1.1599773171477972,10311.31519868906,1.2276158963665183e-12,1.2276158965751421e-12,1.6906812123881156,5.8740281695812655,3.174385644749915e-13,2082.8219648477157,0.0,7.989887808893333e-09
1.26,TM18,1.2359536042171906,5134.550327145924,7.1116588695457065e-12,7.111658870754278e-12,4.003883975630649,13.910917734377959,2.8898755649201436e-13,5527.994378388791,0.0,-1.1294730240650874e-05
1.28,TE11,0.08784923322365325,26763.55944296019,0.3109951511267634,0.31099515115249365,0.3325076431944667,1.1552498770400976,0.23835739483265125,3.153573049153252,0.0,6.11259891758671e-05
1.28,TM11,0.18282391732568906,26551.762674658938,0.2851916547906992,0.2851916548142946,0.7927723496529431,2.754373254877988,0.15125142940645755,13.821757666062176,0.0,0.05591483053779914
1.28,TE12,0.2543815366920744,26291.705721123595,0.21448324525213688,0.21448324526988222,0.0607292393225099,0.21099498822358417,0.2043119991616566,27.15589039726382,0.0,0.00021305817687794536
1.28,TM12,0.3347378549623198,25893.234936018343,0.11897788128557214,0.1189778812954158,0.8129345881338178,2.8244240461984784,0.06209030973062801,48.10665293788192,0.0,0.08986156616188964
1.28,TE13,0.4072971177228144,25432.44728033824,0.047990721034076964,0.04799072103804749,0.09518191659897772,0.3306958492472924,0.044472105376544176,73.15244639181932,0.0,0.0002055097749821029
1.28,TM13,0.485411279388828,24822.945390875735,0.017302158385816856,0.017302158387248356,0.8479860330661941,2.946205239133412,0.00877970167653851,107.70992238459284,0.0,0.06099923096283559
1.28,TE14,0.5585338982598654,24138.092737290288,0.003915429482167601,0.003915429482491545,0.1722034860767269,0.5982961901410074,0.0034115346575852427,148.62178977443392,0.0,9.647808029655235e-05
1.28,TM14,0.6357193302349714,23284.271621842305,0.0009944705184506404,0.0009944705185329181,0.9040230147766461,3.140897654648314,0.0004825053657481065,202.9980964173833,0.0,0.02261394022677036
1.28,TE15,0.709193116772911,22332.751838845692,0.00012367747179636848,0.00012367747180660096,0.29320025765038077,1.0186820319213765,9.781881461537071e-05,268.49508743400946,0.0,2.5474128957717545e-05
1.28,TM15,0.7858706096283751,21175.372901100516,2.3825001192758094e-05,2.3825001194729262e-05,0.99405690273238,3.4537074204360807,1.0756282230505468e-05,356.09641565757227,0.0,0.0050429440661691124
1.28,TE16,0.8595830165870509,19877.596122330062,1.5318360759154855e-06,1.5318360760422224e-06,0.4801409942828291,1.6681806748205874,1.0432640105477833e-06,466.45687341425196,0.0,4.007335868444391e-06
1.28,TM16,0.9359403154819943,18300.168487498308,2.448754694380251e-07,2.4487546945828493e-07,1.150237252374784,3.996333532687413,9.756901672326224e-08,621.6737421296513,0.0,0.0007146380776746062
1.28,TE17,1.0098251367594069,16484.76630823126,7.51943444049651e-09,7.519434441118633e-09,0.7964492531723698,2.7671481261498094,3.97621962607363e-09,837.0725983375265,0.0,3.924254911532123e-07
1.28,TM17,1.0859621843316567,14200.585578131362,1.3301780920394217e-09,1.3301780921494743e-09,1.482301351896018,5.150042381169367,4.063549482859382e-10,1186.3333936440526,0.0,7.472030019062557e-05
1.28,TE18,1.1599773171477972,11341.845450163632,7.099263989108381e-12,7.099263989695741e-12,1.5251061916504414,5.2987616268021585,2.0957388450058763e-12,1821.6542650127656,0.0,1.7892545256696558e-08
1.28,TM18,1.2359536042171906,6976.950920758707,3.348297570329198e-13,3.34829757060622e-13,3.01701429477333,10.482181280346303,2.9964423028387726e-14,3796.0435461786724,0.0,-2.0533437719437632e-06
1.3,TE11,0.08784923322365325,27183.703876661624,0.302869564969477,0.3028695649815388,0.33495719255443007,1.1637604832015516,0.23167522070806149,3.056955275610427,0.0,5.8478261774082017e-05
1.3,TM11,0.18282391732568906,26975.20608871369,0.2817845026833694,0.2817845026945915,0.798687991317883,2.774926299133991,0.14873886892532756,13.393368330121044,0.0,0.05387426743774893
1.3,TE12,0.2543815366920744,26719.270800740946,0.21599060753095314,0.215990607539555,0.06019245789533938,0.20913001852911772,0.2058362514398952,26.302071161133817,0.0,0.0002072125045261933
1.3,TM12,0.3347378549623198,26327.272130796337,0.12292163396663246,0.12292163397152783,0.8183444196179559,2.8432197258911796,0.06387138770792715,46.560041713422486,0.0,0.088500389273848
1.3,TE13,0.4072971177228144,25874.215293692458,0.05129285057848375,0.05129285058052649,0.093187597518694,0.3237668750735197,0.047608023097749703,70.73810137246022,0.0,0.00020579872161418451
1.3,TM13,0.485411279388828,25275.36864766889,0.01917053449103069,0.019170534491794164,0.8524022480573742,2.9615487415459554,0.009693471715042416,104.02648758967807,0.0,0.062168324311468987
1.3,TE14,0.5585338982598654,24603.112880105044,0.004561838267190532,0.004561838267372208,0.16784031682014044,0.5831369874870442,0.003988652352587157,143.32614687954498,0.0,0.00010077789069215258
1.3,TM14,0.6357193302349714,23766.004025853723,0.0012116712503507292,0.0012116712503989842,0.9065380794014946,3.149635884153928,0.0005867069259154586,195.37096751728677,0.0,0.024139365830612495
1.3,TE15,0.709193116772911,22834.56693464166,0.00016139832796094734,0.00016139832796737506,0.28467328214250737,0.9890562846382276,0.00012852671357471452,257.7654789624213,0.0,2.811759787228143e-05
1.3,TM15,0.7858706096283751,21703.964151689586,3.268795469527945e-05,3.268795469658126e-05,0.9926664022367779,3.4488763268974907,1.4774068717051586e-05,340.69707305185665,0.0,0.005700428296061366
1.3,TE16,0.8595830165870509,20439.776662176024,2.3058055878657562e-06,2.305805587957585e-06,0.463428672130506,1.6101161204962402,1.5915162425579499e-06,444.2919037031167,0.0,4.737014616184483e-06
1.3,TM16,0.9359403154819943,18909.304827729407,3.884704271673522e-07,3.884704271828231e-07,1.139375897589913,3.95859732109491,1.561342678309223e-07,588.2431531235804,0.0,0.0008651316134655632
1.3,TE17,1.0098251367594069,17158.472036698404,1.3318451345161079e-08,1.3318451345691489e-08,0.7593545383561733,2.6382678865302176,7.254824982153813e-09,784.413022883729,0.0,5.00142204396738e-07
1.3,TM17,1.0859621843316567,14977.39206801361,2.322655280102943e-09,2.322655280195443e-09,1.438489292329744,4.9978236954857715,7.348562439507284e-10,1092.9438656125244,0.0,9.393145403398662e-05
1.3,TE18,1.1599773171477972,12300.532533697964,2.1710563053030168e-11,2.1710563053894795e-11,1.3954727851232387,4.848369041801478,7.109420180623832e-12,1621.15466489973,0.0,2.9354915622577978e-08
1.3,TM18,1.2359536042171906,8446.507357946262,1.1987022436814846e-12,1.198702243729223e-12,2.5507385457981484,8.862173401744485,1.5577364350237819e-13,2969.6680908754097,0.0,3.449844168379405e-06
1.32,TE11,0.08784923322365325,27603.818651767655,0.29503550715659604,0.2950355071621881,0.33739109349087143,1.1722167211711167,0.22524367981205135,2.964715403930834,0.0,5.597932343588676e-05
1.32,TM11,0.18282391732568906,27398.518048139464,0.27831168332565376,0.27831168333092887,0.8045642316690139,2.7953424492046577,0.14621677244819856,12.984684285136138,0.0,0.05192320902443895
1.32,TE12,0.2543815366920744,27146.57399800158,0.21723858894767994,0.21723858895179748,0.059683678707025074,0.20736233857718075,0.20710984295484808,25.48826468068639,0.0,0.00020150040905820527
1.32,TM12,0.3347378549623198,26760.835292543714,0.12669228477724637,0.1266922847796477,0.8237362742204567,2.8619529474999053,0.06554731003122365,45.088031786770514,0.0,0.08709903297129254
1.32,TE13,0.4072971177228144,26315.243961817952,0.05460705633375284,0.05460705633478786,0.09127906739869017,0.31713596227620916,0.050761584473626,68.44422461637805,0.0,0.00020578923987149892
1.32,TM13,0.485411279388828,25726.6653101643,0.021123425242836183,0.021123425243236557,0.8568493206810486,2.9769994543546336,0.010643008196635979,100.53542730634344,0.0,0.0632186699347281
1.32,TE14,0.5585338982598654,25066.51573507651,0.00527343155921215,0.005273431559312102,0.16367882950085283,0.5686784996528286,0.004626211288090424,138.3219793930596,0.0,0.00010491658716941896
1.32,TM14,0.6357193302349714,24245.41183528428,0.00146190109373962,0.001461901093767329,0.9091981025395934,3.1588777511188186,0.0007063666978105816,188.19285156106457,0.0,0.025657236795174825
1.32,TE15,0.709193116772911,23333.120125655678,0.00020790537198530647,0.0002079053719892471,0.27660114529280655,0.961010808710284,0.00016663438776234914,247.71844460335646,0.0,3.085500835450371e-05
1.32,TM15,0.7858706096283751,22227.890309327027,4.4184274845153786e-05,4.418427484599125e-05,0.991722142183131,3.4455956314512473,1.9985184804900386e-05,326.3784398335502,0.0,0.006400619646744815
1.32,TE16,0.8595830165870509,20995.273699222962,3.402280425979574e-06,3.402280426044061e-06,0.44783365335798647,1.5559334757115775,2.377807863847085e-06,423.87305183742916,0.0,5.548937955009763e-06
1.32,TM16,0.9359403154819943,19508.430402614107,6.024422926683969e-07,6.024422926798156e-07,1.129967963909839,3.9259108116279666,2.4396322820205715e-07,557.8696321633591,0.0,0.0010366727331937054
1.32,TE17,1.0098251367594069,17816.57122848863,2.3055288823298177e-08,2.3055288823735167e-08,0.7258276885364884,2.521783679551912,1.2900073929606617e-08,737.5456603153025,0.0,6.311510315484003e-07
1.32,TM17,1.0859621843316567,15727.025175303965,4.0585558430124795e-09,4.058555843089406e-09,1.40165818826729,4.869859333431947,1.3224692803751462e-09,1012.8123257985468,0.0,0.00011842772020901658
1.32,TE18,1.1599773171477972,13203.035572102719,5.313180353532129e-11,5.313180353632835e-11,1.2902824921978022,4.482900531663048,1.8926247056841517e-11,1461.4952806450908,0.0,4.332132826740723e-08
1.32,TM18,1.2359536042171906,9713.935055037586,7.672853813904664e-12,7.672853814050096e-12,2.2693097685701837,7.884389681753409,1.2488720777282076e-12,2465.687558258606,0.0,7.954582624918642e-06
1.32,TE19,1.3100706532914743,3386.9065258201363,1.3057833106718107e-13,1.3057833106965605e-13,6.410301242701057,22.271667656341013,7.73934751443707e-16,9564.304992343796,0.0,5.08853906284625e-09
1.34,TE11,0.08784923322365325,28023.90510214104,0.2874807100791568,0.2874807100817209,0.33980958408946793,1.1806194181431595,0.21905177016730626,2.876592605972098,0.0,5.361901258260025e-05
1.34,TM11,0.18282391732568906,27821.704553250413,0.2747865949405944,0.27478659494304525,0.8104017322598166,2.8156240035621987,0.14369218280585494,12.59450980416082,0.0,0.050057475814888036
1.34,TE12,0.2543815366920744,27573.627487929592,0.2182416740746986,0.21824167407664513,0.05920132220224375,0.20568646043048744,0.20814646439823267,24.711987510358476,0.0,0.00019592531278945238
1.34,TM12,0.3347378549623198,27193.947094322004,0.13028652195614882,0.13028652195731086,0.8291095328811423,2.8806215601893026,0.06711774156817887,43.68582912253346,0.0,0.08566539110621536
1.34,TE13,0.4072971177228144,26755.56984599893,0.057921573809899686,0.057921573810416294,0.08945126346665798,0.310785520982748,0.053921479717917754,66.26275489192193,0.0,0.0002055032780849185
1.34,TM13,0.485411279388828,26176.893646789762,0.023154644577290693,0.02315464457749721,0.8613232007160929,2.992543305649969,0.011624754459937037,97.22315459759984,0.0,0.064153246099563
1.34,TE14,0.5585338982598654,25528.389375574974,0.006051303879846701,0.006051303879900672,0.15970565627028793,0.5548742819753881,0.0053255140446132245,133.5873990941723,0.0,0.00010888322013911284
1.34,TM14,0.6357193302349714,24722.630282327853,0.0017476353761599111,0.0017476353761754983,0.9119892365214265,3.1685751438113208,0.0008425454019801523,181.42731174114672,0.0,0.027161105685479036
1.34,TE15,0.709193116772911,23828.61615395256,0.00026456350002799036,0.00026456350003035,0.26894787959068706,0.9344206402065245,0.00021334764994102135,238.29350264868856,0.0,3.3674292004509145e-05
1.34,TM15,0.7858706096283751,22747.473719461803,5.8888892774737793e-05,5.888889277526303e-05,0.9911773829095114,3.443702943879258,2.6647906411777352e-05,313.0336883198255,0.0,0.007141527034396211
1.34,TE16,0.8595830165870509,21544.604213570838,4.927690103102917e-06,4.927690103146867e-06,0.4332416941287596,1.5052358167242939,3.4843342188632194e-06,405.0045118193005,0.0,6.445278958173297e-06
1.34,TM16,0.9359403154819943,20098.440481484362,9.150870683090572e-07,9.150870683172188e-07,1.121817989517114,3.897594900376661,3.7299492951454974e-07,530.151337308018,0.0,0.0012306904825694904
1.34,TE17,1.0098251367594069,18460.733012368164,3.8975795368611045e-08,3.897579536895867e-08,0.695334509102038,2.415839523039372,2.234657833262938e-08,695.5485858011093,0.0,7.882006683831994e-07
1.34,TM17,1.0859621843316567,16453.19950279506,7.01288376268878e-09,7.012883762751329e-09,1.3703598866312612,4.761117895884179,2.343067774686968e-09,943.2147912490257,0.0,0.00014880507212258065
1.34,TE18,1.1599773171477972,14060.177855643957,1.164205624391503e-10,1.1642056244018863e-10,1.2026282092647889,4.178358360519096,4.448297828475483e-11,1330.8370440692852,0.0,6.075534904041836e-08
1.34,TM18,1.2359536042171906,10850.298948306401,2.1966317581523102e-11,2.196631758171902e-11,2.077990581826707,7.219678745074131,4.166672666787167e-12,2119.260221283537,0.0,1.2450821570007083e-05
1.34,TE19,1.3100706532914743,5902.506995232956,2.4511208546439656e-13,2.4511208546658275e-13,3.650880027544187,12.684456400425859,1.3210494816886278e-14,5014.179561041714,0.0,5.163295347587798e-09
1.36,TE11,0.08784923322365325,28443.96448275839,0.2801934069302703,0.28019340693143296,0.34221289956752654,1.1889693913463077,0.2130889712942428,2.7923452123994577,0.0,5.138797586750434e-05
1.36,TM11,0.18282391732568906,28244.771243027775,0.2712213343198534,0.2712213343209789,0.8162011425662801,2.8357732187173177,0.1411713365183676,12.221738890932698,0.0,0.048273053449045325
1.36,TE12,0.2543815366920744,28000.44269588823,0.21901408002694364,0.2190140800278525,0.05874392002469635,0.20409728249673248,0.20895959002140158,23.970947512758645,0.0,0.00019048950912289248
1.36,TM12,0.3347378549623198,27626.62876449818,0.13370229401754413,0.13370229401809894,0.8344636631883539,2.899223714171806,0.06858300142291214,42.34902402883701,0.0,0.08420659361419752
1.36,TE13,0.4072971177228144,27195.22708319865,0.06122529534785725,0.06122529534811131,0.087699508509786,0.30469930089141867,0.05707697640321662,64.18630761941535,0.0,0.0002049621245871304
1.36,TM13,0.485411279388828,26626.107851467066,0.025257612556864404,0.025257612556969213,0.8658202366826653,3.0081676088915916,0.012635008433833163,94.07729404858078,0.0,0.06497552107926081
1.36,TE14,0.5585338982598654,25988.815333400315,0.0068960495141067125,0.0068960495141353285,0.15590859478100427,0.5416819391574422,0.006087404726634394,129.10260599918826,0.0,0.00011266887597627407
1.36,TM14,0.6357193302349714,25197.78375967395,0.0020712035518965716,0.0020712035519051663,0.9148991146221809,3.1786850958286705,0.0009962177434730754,175.04169228109708,0.0,0.0286449733582673
1.36,TE15,0.709193116772911,24321.241870739723,0.00033281845014280305,0.00033281845014418416,0.26168132195837557,0.909174033149366,0.0002699541389889182,229.43706365925163,0.0,3.656306370104873e-05
1.36,TM15,0.7858706096283751,23263.005372054133,7.745125634422783e-05,7.745125634454923e-05,0.9909914318135425,3.4430568836001925,3.5052805134251406e-05,300.56963871605006,0.0,0.007920838055694207
1.36,TE16,0.8595830165870509,22088.228291151565,7.013935777899291e-06,7.013935777928397e-06,0.4195543049153999,1.4576809558681,5.014108061560618e-06,387.518945544399,0.0,7.427430067644447e-06
1.36,TM16,0.9359403154819943,20680.115282811734,1.3635143747604691e-06,1.3635143747661273e-06,1.1147640885808328,3.8730871383565075,5.589217459002492e-07,504.7549571090332,0.0,0.0014484417374851042
1.36,TE17,1.0098251367594069,19092.36815265602,6.436937386135096e-08,6.436937386161806e-08,0.6674475175846292,2.318950190776224,3.7738467969304784e-08,657.6896245494872,0.0,9.741421910972622e-07
1.36,TM17,1.0859621843316567,17158.893676498777,1.191585977939075e-08,1.1915859779440197e-08,1.3435284985610962,4.66789610563876,4.067576910640613e-09,882.1433003996527,0.0,0.0001857639690459925
1.36,TE18,1.1599773171477972,14879.8003902927,2.384949573777653e-10,2.3849495737875495e-10,1.1280737985979057,3.919329807285685,9.672666635104343e-11,1221.622426493979,0.0,8.267133746102474e-08
1.36,TM18,1.2359536042171906,11893.22687878412,4.9692544930050597e-11,4.9692544930256804e-11,1.938370270436282,6.734588098686328,1.0539801438616127e-11,1863.4431890395113,0.0,1.749382730678205e-05
1.36,TE19,1.3100706532914743,7652.414465473498,4.531074392655969e-13,4.531074392674771e-13,2.795352987002232,9.712051017814732,4.84168009489314e-14,3635.5432354975915,0.0,6.0299408223525446e-09
1.38,TE11,0.08784923322365325,28863.997975462757,0.2731623248942453,0.2731623248947668,0.34460127202997226,1.1972674471956666,0.20734523325417506,2.7117490467714798,0.0,4.9277595673040776e-05
1.38,TM11,0.18282391732568906,28667.723422031024,0.2676267997346204,0.2676267997351313,0.8219630997364489,2.8557923083490557,0.13865973632733064,11.865347285933359,0.0,0.046566093688779536
1.38,TE12,0.2543815366920744,28427.030354872062,0.21956968225983223,0.21956968226025136,0.05831010557110315,0.20259005670980926,0.20956240202849633,23.263026306774634,0.0,0.00018519432176979786
1.38,TM12,0.3347378549623198,28058.9002015848,0.13693868249118832,0.13693868249144972,0.8397982098364262,2.917757827553512,0.06994398341156938,41.07355429738026,0.0,0.08272906179768469
1.38,TE13,0.4072971177228144,27634.247587691592,0.06450781843111064,0.0645078184312338,0.08601947486368604,0.29886226615611455,0.060217972396465085,62.20810663314462,0.0,0.00020418630157242163
1.38,TM13,0.485411279388828,27074.358403276216,0.027425450336168708,0.027425450336221062,0.8703371316906524,3.0238609095100326,0.013669973624886197,91.08655136981582,0.0,0.06568935474020479
1.38,TE14,0.5585338982598654,26447.86921596295,0.007807766172064859,0.0078077661720797635,0.15227648204983107,0.5290626870230496,0.006912267391021999,124.8496469115235,0.0,0.00011626655531873776
1.38,TM14,0.6357193302349714,25670.986931366417,0.002434756245570834,0.0024347562455754816,0.9179166622784936,3.189169130196804,0.0011682574938970825,169.00664123753072,0.0,0.030103320214345395
1.38,TE15,0.709193116772911,24811.168246701327,0.0004141824018868375,0.00041418240188762813,0.2547726108091951,0.8851707121161456,0.0003378116097245044,221.10147294620927,0.0,3.9508787601244275e-05
1.38,TM15,0.7858706096283751,23774.74884349605,0.00010059531022609038,0.0001005953102262824,0.9911286947537025,3.4435337839000435,4.552231670499014e-05,288.9046312110598,0.0,0.008735956088047187
1.38,TE16,0.8595830165870509,22626.557243052368,9.821824230234912e-06,9.821824230253662e-06,0.4066860441369026,1.412972038685753,7.094061578168383e-06,371.27243556284816,0.0,8.496003694489748e-06
1.38,TM16,0.9359403154819943,21254.139167265294,1.9955220920513343e-06,1.995522092055144e-06,1.1086709608639649,3.851917444396767,8.219867096953217e-07,481.40150538408113,0.0,0.0016910011038034473
1.38,TE17,1.0098251367594069,19712.680824982963,1.0394358130383421e-07,1.0394358130403264e-07,0.6418198555113622,2.2299105729962156,6.220232509963727e-08,623.3792008698588,0.0,1.19186848691752e-06
1.38,TM17,1.0859621843316567,17846.53736253862,1.9863247604278952e-08,1.986324760431687e-08,1.3203603304456049,4.587401645091842,6.907328198551566e-09,828.0815903785527,0.0,0.00023008129313875178
1.38,TE18,1.1599773171477972,15667.792546687999,4.658176321378654e-10,4.658176321387546e-10,1.0636203104809736,3.695395453456882,1.989190507469415e-10,1128.77376706952,0.0,1.1015588507646823e-07
1.38,TM18,1.2359536042171906,12865.46187361069,1.0128459715375131e-10,1.0128459715394467e-10,1.8315607531579572,6.363493826936517,2.3398823548110127e-11,1665.2663547336933,0.0,2.3492963922539452e-05
1.38,TE19,1.3100706532914743,9090.143606263064,9.234315782067132e-13,9.23431578208476e-13,2.3362144126731,8.11684022373419,1.4246910612825295e-13,2911.0280794389714,0.0,7.727133534111874e-09
1.4000000000000001,TE11,0.08784923322365325,29284.006694219606,0.2663766750389276,0.26637667503915885,0.3469749302720664,1.2055143806073918,0.20181096339268825,2.634595926371145,0.0,4.727992473456788e-05
1.4000000000000001,TM11,0.18282391732568906,29090.566084929436,0.26401278843032283,0.26401278843055204,0.8276882284297054,2.8756834427463933,0.13616221880358315,11.524385294376096,0.0,0.04493291374277829
1.4000000000000001,TE12,0.2543815366920744,28853.400557584166,0.21992195618045843,0.21992195618064933,0.0578986054846195,0.2011603589749088,0.2099677304515888,22.58626357950754,0.0,0.00018004024496167913
1.4000000000000001,TM12,0.3347378549623198,28490.780078159954,0.1399957792872843,0.13999577928740584,0.8451127862017601,2.936222557066456,0.0712020809805308,39.85567244987407,0.0,0.08123856172063063
1.4000000000000001,TE13,0.4072971177228144,28072.661232548282,0.06775947836298514,0.06775947836304395,0.08440715238166925,0.293260484100207,0.06333503364167245,60.321923963524014,0.0,0.00020319548710362106
1.4000000000000001,TM13,0.485411279388828,27521.692387799012,0.029651070298006506,0.029651070298032246,0.8748709049047377,3.0396128510226568,0.014725806496660361,88.24059940895245,0.0,0.06629891086563491
1.4000000000000001,TE14,0.5585338982598654,26905.621252895486,0.008786066685502962,0.008786066685510588,0.1487990845910179,0.516980970801074,0.007800032246276322,120.81220668582618,0.0,0.00011967103914147519
1.4000000000000001,TM14,0.6357193302349714,26142.345705195738,0.0028402362284123605,0.0028402362284148264,0.9210319364198051,3.199992701150304,0.001359424812900779,163.2957039806985,0.0,0.031531125096163785
1.4000000000000001,TE15,0.709193116772911,25298.55210690329,0.0005102177367549407,0.0005102177367553836,0.24819576240068336,0.8623204003390988,0.00041833433591342427,213.24420921141538,0.0,4.249893112810368e-05
1.4000000000000001,TM15,0.7858706096283751,24282.94363356505,0.00012911789291315532,0.0001291178929132674,0.9915579016389894,3.4450250013550434,5.840955936823575e-05,277.9667871418606,0.0,0.009584041141630171
1.4000000000000001,TE16,0.8595830165870509,23159.960311121136,1.3544392695792545e-05,1.3544392695804303e-05,0.3945623619761539,1.3708500525836564,9.87812532089834e-06,356.1404845630396,0.0,9.650843923651411e-06
1.4000000000000001,TM16,0.9359403154819943,21821.115935741265,2.8716360694784356e-06,2.8716360694809284e-06,1.103424593482365,3.8336896971658394,1.1878467943214895e-06,459.85554395806645,0.0,0.0019592514576366664
1.4000000000000001,TE17,1.0098251367594069,20322.70784731286,1.6429069850721205e-07,1.6429069850735467e-07,0.6181666171155623,2.1477308056807116,1.0019358021512423e-07,592.1367261602562,0.0,1.4442574662802923e-06
1.4000000000000001,TM17,1.0859621843316567,18518.14150426731,3.24627439565057e-08,3.2462743956533884e-08,1.3002368157127617,4.517485393852062,1.147193524714825e-08,779.860972866169,0.0,0.00028258796000944737
1.4000000000000001,TE18,1.1599773171477972,16428.70634668575,8.761188717509952e-10,8.761188717517557e-10,1.0071564382519436,3.4992198683692175,3.9141822968873127e-10,1048.738572402731,0.0,1.4438100451963935e-07
1.4000000000000001,TM18,1.2359536042171906,13781.97294152441,1.948203457831811e-10,1.9482034578335024e-10,1.7470637072802686,6.069921020842068,4.8155090983643604e-11,1506.376413785356,0.0,3.080823616755532e-05
1.4000000000000001,TE19,1.3100706532914743,10346.660317322972,1.9748466332055605e-12,1.974846633207275e-12,2.037874505582274,7.080301220685591,3.8681495096063535e-13,2449.5272857238197,0.0,1.0365603586106546e-08
1.4000000000000001,TM19,1.3859244472126102,4150.272020833178,2.4418908606607586e-12,2.4418908606628782e-12,5.801547965854868,20.156642144542435,2.355385705037261e-14,8098.745628512002,0.0,7.462969890508452e-06
1.4200000000000002,TE11,0.08784923322365325,29703.991689925486,0.2598261397956102,0.2598261397957117,0.34933409962234857,1.2137109744530146,0.19647701148139488,2.5606923109523927,0.0,4.5387627147866534e-05
1.4200000000000002,TM11,0.18282391732568906,29513.303938896952,0.26038808836952426,0.26038808836962596,0.8333771407314869,2.8954487485119556,0.13368301703486543,11.19797134058678,0.0,0.04336999425041704
1.4200000000000002,TE12,0.2543815366920744,29279.5628038477,0.22008393241707594,0.22008393241716184,0.05750823198079631,0.19980406250617558,0.21018800644678873,21.938843037729637,0.0,0.00017502706670801418
1.4200000000000002,TM12,0.3347378549623198,28922.285935073312,0.1428745698898051,0.14287456988986086,0.8504070668926872,2.9546167721841883,0.07235911704508742,38.69191657087309,0.0,0.07974025536457781
1.4200000000000002,TE13,0.4072971177228144,28510.496013319073,0.07097136716033578,0.07097136716036348,0.08285881987721634,0.28788102599752424,0.06641941845692442,58.52202656544525,0.0,0.00020200846088276207
1.4200000000000002,TM13,0.485411279388828,27968.153784915758,0.03192726024051628,0.03192726024052874,0.8794188578147026,3.055414057844686,0.015798659767775385,85.5299782138654,0.0,0.06680857962195005
1.4200000000000002,TE14,0.5585338982598654,27362.13678155134,0.009830097710759367,0.009830097710763205,0.1454670023919193,0.5054041315025414,0.008750188756016693,116.9754271410452,0.0,0.00012287874758965724
1.4200000000000002,TM14,0.6357193302349714,26611.958086883227,0.0032893537604867904,0.0032893537604880745,0.9242359881357928,3.2111247169901924,0.0015703559754119674,157.88497538932378,0.0,0.03292387362504771
1.4200000000000002,TE15,0.709193116772911,25783.537634579247,0.0006225193931932962,0.0006225193931935391,0.24192731206111562,0.8405415731986281,0.0005129779859792572,205.82721026449084,0.0,4.5521104600520763e-05
1.4200000000000002,TM15,0.7858706096283751,24787.808006335716,0.0001638855316770769,0.0001638855316771409,0.992251469790823,3.447434703924365,7.409640611940617e-05,267.6925781580656,0.0,0.010462052678857591
1.4200000000000002,TE16,0.8595830165870509,23688.77024796285,1.8410009692471108e-05,1.8410009692478297e-05,0.3831178664905754,1.331087802683229,1.3550185381599691e-05,342.0148150004062,0.0,1.0891049118274997e-05
1.4200000000000002,TM16,0.9359403154819943,22381.58115346467,4.067278312629538e-06,4.067278312631126e-06,1.098928192263751,3.818067599264502,1.6884847053862433e-06,439.9168984831388,0.0,0.0022538761990261434
1.4200000000000002,TE17,1.0098251367594069,20923.348883371786,2.544556257661877e-07,2.5445562576628707e-07,0.596251221423767,2.0715889223393273,1.5792582885290706e-07,563.5661643342893,0.0,1.7341189632987804e-06
1.4200000000000002,TM17,1.0859621843316567,19175.391495876458,5.2023655897348394e-08,5.20236558973687e-08,1.2826733770370644,4.45646375785125,1.8644661055227078e-08,736.5646107348806,0.0,0.000344149855623388
1.4200000000000002,TE18,1.1599773171477972,17166.14302846438,1.5957517951044516e-09,1.5957517951050747e-09,0.957146011639864,3.3254658498471885,7.420253742996543e-10,978.9483481074559,0.0,1.8661049690367587e-07
1.4200000000000002,TM18,1.2359536042171906,14653.21986489572,3.6055240601053576e-10,3.605524060106765e-10,1.6785239095823685,5.831789373394363,9.414330934926273e-11,1375.6465345077922,0.0,3.979079161534717e-05
1.4200000000000002,TE19,1.3100706532914743,11481.613735452413,4.24452534943052e-12,4.2445253494321765e-12,1.823532330807859,6.335600230736226,9.86890818553455e-13,2124.2124499265065,0.0,1.4122144188632694e-08
1.4200000000000002,TM19,1.3859244472126102,6480.650591952499,2.789971711106327e-12,2.7899717111074163e-12,3.7952667531485678,13.186107265946351,1.3396429816627422e-13,4793.03017277161,0.0,6.249380665309279e-06
1.4400000000000002,TE11,0.08784923322365325,30123.953954813256,0.2535008587138381,0.2535008587138821,0.35167900182019307,1.221857999134028,0.19133465379603737,2.4898580829448402,0.0,4.359392509493789e-05
1.4400000000000002,TM11,0.18282391732568906,29935.941424085147,0.25676056407209064,0.2567605640721352,0.8390304361312573,2.91509030848547,0.13122581848993523,10.88528616559275,0.0,0.041873976206537274
1.4400000000000002,TE12,0.2543815366920744,29705.526043835827,0.22006816379351904,0.22006816379355723,0.057137875912871075,0.19851731373306106,0.2102352271356231,21.31907980466192,0.0,0.00017015397695879949
1.4400000000000002,TM12,0.3347378549623198,29353.43426699313,0.14557682320923854,0.14557682320926382,0.8556807811490469,2.9729395321895606,0.07341727902069681,37.5790842806202,0.0,0.07823874930080595
1.4400000000000002,TE13,0.4072971177228144,28947.778195951923,0.07413534047857466,0.07413534047858754,0.0813710196054904,0.2827118784120463,0.0694630900067202,56.803129079830775,0.0,0.0002006430699206498
1.4400000000000002,TM13,0.485411279388828,28413.78372714983,0.03424676081861009,0.03424676081861604,0.8839785446307045,3.0712560324318585,0.01688472133318072,82.94600716954692,0.0,0.06722290950736506
1.4400000000000002,TE14,0.5585338982598654,27817.47667939836,0.010938564354059101,0.010938564354061,0.1422715847132722,0.4943021133808412,0.00976180470420873,113.32574943631813,0.0,0.00012588759563878947
1.4400000000000002,TM14,0.6357193302349714,27079.91493292725,0.003783566564433867,0.003783566564434524,0.9275207448104488,3.2225371305757764,0.0018015555830625612,152.752801063936,0.0,0.034277557645494255
1.4400000000000002,TE15,0.709193116772911,26266.257679964827,0.0007526962743967835,0.0007526962743969141,0.2359460088210012,0.8197603972644543,0.0006232233646812854,198.81630279232203,0.0,4.8563185094913804e-05
1.4400000000000002,TM15,0.7858706096283751,25289.541421613554,0.0002058296710657022,0.00020582967106573793,0.9931849771496649,3.4506780406824533,9.299084110510022e-05,258.025641163792,0.0,0.011366792927589098
1.4400000000000002,TE16,0.8595830165870509,24213.28799269766,2.4685137563922308e-05,2.4685137563926594e-05,0.3722949173111681,1.2934850258309416,1.83268172492806e-05,328.80078687917484,0.0,1.2215004648527913e-05
1.4400000000000002,TM16,0.9359403154819943,22936.012174867534,5.675017425209464e-06,5.6750174252104494e-06,1.0950990199591213,3.804763692047243,2.363147502383352e-06,421.4142145204381,0.0,0.002575353897163349
1.4400000000000002,TE17,1.0098251367594069,21515.39002788102,3.866120386242402e-07,3.8661203862430725e-07,0.5758752903135735,2.0007956867809447,2.438910169768776e-07,537.3379568873037,0.0,2.0641455168047586e-06
1.4400000000000002,TM17,1.0859621843316567,19819.715401001045,8.179722905758041e-08,8.179722905759461e-08,1.2672845136623214,4.402997370279938,2.967828867691928e-08,697.4621042832734,0.0,0.0004156508228620589
1.4400000000000002,TE18,1.1599773171477972,17883.007186439394,2.8246798224744205e-09,2.8246798224749106e-09,0.9124403974130612,3.1701426372968204,1.3613035087979152e-09,917.4947776866028,0.0,2.3820061508006744e-07
1.4400000000000002,TM18,1.2359536042171906,15486.843834865816,6.477701569658613e-10,6.477701569659738e-10,1.6218433351403554,5.634860887704181,1.7698434268957475e-10,1265.891369034938,0.0,5.080222109043337e-05
1.4400000000000002,TE19,1.3100706532914743,12528.085788606186,8.961826316033815e-12,8.961826316035371e-12,1.6596396493489405,5.76617873328074,2.375629171340566e-12,1879.9682684175054,0.0,1.9236773088598924e-08
1.4400000000000002,TM19,1.3859244472126102,8192.942795572362,4.331215294539378e-12,4.33121529454013e-12,3.065718057062614,10.651395482027613,3.72795124419208e-13,3580.7153398592936,0.0,6.7814113081474565e-06
1.4600000000000002,TE11,0.08784923322365325,30543.894426492818,0.2473914130537774,0.24739141305379625,0.35400985492313203,1.2299562122598955,0.18637557656624262,2.421925444689352,0.0,4.1892550695495876e-05
1.4600000000000002,TM11,0.18282391732568906,30358.482732364722,0.25313723657332465,0.2531372365733439,0.8446487015533619,2.9346101618509732,0.1287938182374692,10.585567595339779,0.0,0.040441657067020347
1.4600000000000002,TE12,0.2543815366920744,30131.29871754682,0.21988670228043308,0.21988670228044982,0.056786500494903656,0.1972965104922635,0.21012093032592047,20.725409093522025,0.0,0.00016541966235925076
1.4600000000000002,TM12,0.3347378549623198,29784.240600218705,0.14810498863386234,0.14810498863387364,0.86093370698485,2.991190065824251,0.07437905916199435,36.51420946361814,0.0,0.07673814072520127
1.4600000000000002,TE13,0.4072971177228144,29384.532450713923,0.07724401431365295,0.07724401431365885,0.0799405344110619,0.2777418638009696,0.07245871856833758,55.16035184978314,0.0,0.00019911621073055954
1.4600000000000002,TM13,0.485411279388828,28858.620732084102,0.036602335731678697,0.036602335731681486,0.8885477462310006,3.087131064765556,0.01798024866778428,80.4807075431721,0.0,0.06754654808789473
1.4600000000000002,TE14,0.5585338982598654,28271.697750115778,0.012109759625819618,0.01210975962582054,0.1392048560288935,0.48364720661988037,0.010833550247512851,109.85077643419999,0.0,0.0001286968488556564
1.4600000000000002,TM14,0.6357193302349714,27546.300616228058,0.004324064541542803,0.004324064541543131,0.9308789085718763,3.2342045865031,0.0020533912592627453,147.87951965723528,0.0,0.03558866730790002
1.4600000000000002,TE15,0.709193116772911,26746.834903878647,0.0009023521718414774,0.0009023521718415461,0.23023255426560474,0.7999098229763448,0.000750559429788049,192.1807178255442,0.0,5.161342388845815e-05
1.4600000000000002,TM15,0.7858706096283751,25788.326626218648,0.00025594042126499117,0.0002559404212650107,0.9943367237160794,3.4546796181092123,0.00011552365439932794,248.91579085138767,0.0,0.012294949495896499
1.4600000000000002,TE16,0.8595830165870509,24733.78661431255,3.267664825848999e-05,3.267664825849248e-05,0.3620424759642228,1.257864396206821,2.4459696483412994e-05,316.4152977715601,0.0,1.3620424579499303e-05
1.4600000000000002,TM16,0.9359403154819943,23484.83637053283,7.806846900888044e-06,7.806846900888639e-06,1.0918659123702978,3.793530725765438,3.259286891648976e-06,404.19989046856347,0.0,0.0029239557027207113
1.4600000000000002,TE17,1.0098251367594069,22099.52245902323,5.768505310749536e-07,5.768505310749975e-07,0.5568710122118891,1.9347680618840142,3.6947621895518433e-07,513.175442388053,0.0,2.4368673765101605e-06
1.4600000000000002,TM17,1.0859621843316567,20452.334914178085,1.262747436711776e-07,1.2627474367118724e-07,1.253759369186156,4.356006205376395,4.6314382179240665e-08,661.9636713048502,0.0,0.0004979770292361934
1.4600000000000002,TE18,1.1599773171477972,18581.679980434303,4.871527725564731e-09,4.871527725565103e-09,0.8721607564318704,3.0301968308074185,2.4246301180170754e-09,862.9271414123097,0.0,3.005959299283285e-07
1.4600000000000002,TM18,1.2359536042171906,16288.62231223228,1.1348682446825175e-09,1.134868244682604e-09,1.5742474978983894,5.469496011898172,3.2210379582308995e-10,1172.2392752110973,0.0,6.422419826518383e-05
1.4600000000000002,TE19,1.3100706532914743,13506.658298472878,1.8412463727755927e-11,1.841246372775733e-11,1.528885238500863,5.311891380354095,5.419045110235067e-12,1688.5017408451733,0.0,2.601194159864139e-08
1.4600000000000002,TM19,1.3859244472126102,9622.951549111687,7.48325413235626e-12,7.48325413235683e-12,2.6647064969678422,9.258138620199023,8.877212829942215e-13,2908.4503250999355,0.0,8.056394297289176e-06
1.4800000000000002,TE11,0.08784923322365325,30963.81399166214,0.24148880963620858,0.24148880963621663,0.3563268732397529,1.2380063584149132,0.18159185911802597,2.35673792002955,0.0,4.0277702453016023e-05
1.4800000000000002,TM11,0.18282391732568906,30780.9318245046,0.2495243576060882,0.2495243576060965,0.8502325114319299,2.9540103043970447,0.12638976773300994,10.29810581607099,0.0,0.03906998623455806
1.4800000000000002,TE12,0.2543815366920744,30556.88879090199,0.21955108437139068,0.21955108437139798,0.05645313561136447,0.19613828225721236,0.20985617761122885,20.156376011219347,0.0,0.00016082238910864794
1.4800000000000002,TM12,0.3347378549623198,30214.719563570827,0.15046210055820863,0.15046210055821366,0.8661656659821753,3.0093677532009107,0.07524720018980702,35.494541421227126,0.0,0.07524206077126076
1.4800000000000002,TE13,0.4072971177228144,29820.781973660127,0.08029075311553896,0.08029075311554162,0.07856436722070263,0.27296056926537493,0.07539967512502722,53.589183525229785,0.0,0.00019744382510048335
1.4800000000000002,TM13,0.485411279388828,29302.70091189185,0.038986834393754284,0.03898683439375558,0.8931244471785079,3.103032152500146,0.019081598698635467,78.12673402933306,0.0,0.06778419080673537
1.4800000000000002,TE14,0.5585338982598654,28724.85306920498,0.013341597655136803,0.013341597655137247,0.13625945069139733,0.4734138203395367,0.011963725982656588,106.53915215314161,0.0,0.00013130698183445953
1.4800000000000002,TM14,0.6357193302349714,28011.193616358436,0.004911759202678623,0.004911759202678787,0.9343038684782426,3.2461041160076984,0.0023260907588206143,143.2472398479595,0.0,0.036854177176391646
1.4800000000000002,TE15,0.709193116772911,27225.38278057545,0.0010730666545762753,0.001073066654576311,0.22476937820549156,0.7809288052437601,0.0008964659918463154,185.89267717258403,0.0,5.4660537434131684e-05
1.4800000000000002,TM15,0.7858706096283751,26284.331461044447,0.00031525895742294324,0.00031525895742295375,0.9956873643638702,3.45937222435217,0.00014214454986964165,240.3181921986041,0.0,0.013243136347636969
1.4800000000000002,TE16,0.8595830165870509,25250.51465724728,4.273359444715323e-05,4.273359444715465e-05,0.35231515905446675,1.224068235745771,3.223759244621069e-05,304.7850624579337,0.0,1.5104400910045306e-05
1.4800000000000002,TM16,0.9359403154819943,24028.437933503184,1.059643062948447e-05,1.0596430629484823e-05,1.0891673075466866,3.7841548122955837,4.433473511991215e-06,388.1460534050627,0.0,0.003299745671359513
1.4800000000000002,TE17,1.0098251367594069,22676.357359381713,8.460785888885427e-07,8.460785888885709e-07,0.539095299418585,1.873008910059782,5.496798459254874e-07,490.84450868120183,0.0,2.8546121298876355e-06
1.4800000000000002,TM17,1.0859621843316567,21074.30410749596,1.9154981564142198e-07,1.9154981564142836e-07,1.241844259164637,4.314608873107469,7.092851233998111e-08,629.587349255524,0.0,0.0005920024015584855
1.4800000000000002,TE18,1.1599773171477972,19264.140807956792,8.201557876916745e-09,8.201557876917018e-09,0.8356213378264851,2.9032458878292435,4.203119765901446e-09,814.1207723446524,0.0,3.753211689972773e-07
1.4800000000000002,TM18,1.2359536042171906,17063.04506833597,1.9437455813797995e-09,1.9437455813798644e-09,1.5337836947593377,5.328910360537295,5.698340322121929e-10,1091.2567571545605,0.0,8.046301417923573e-05
1.4800000000000002,TE19,1.3100706532914743,14431.150632060473,3.670514942833143e-11,3.6705149428332655e-11,1.4213045299606863,4.938117715728168,1.1773761249741537e-11,1533.6119577644238,0.0,3.481292411629574e-08
1.4800000000000002,TM19,1.3859244472126102,10882.53126299503,1.3436584529884583e-11,1.3436584529885031e-11,2.404866905808762,8.35536341523594,1.962241909437564e-12,2468.777948855007,0.0,9.946397443967815e-06
1.4800000000000002,"TE1,10",1.4601233703898644,5066.561457413873,3.631446936219755e-14,3.631446936219875e-14,5.025798918885624,17.46141390101884,6.515358427221596e-16,6834.329026589047,0.0,2.1742193067716315e-09
1.5000000000000002,TE11,0.08784923322365325,31383.713489519505,0.23578446429105812,0.23578446429106148,0.35863026728454483,1.2460091690013289,0.1769759569656717,2.294149449122113,0.0,3.874400582260671e-05
1.5000000000000002,TM11,0.18282391732568906,31203.292445939045,0.24592747820574212,0.24592747820574562,0.8557824278222749,2.9732926889038547,0.12401601942468153,10.022239101264525,0.0,0.03775606009200124
1.5000000000000002,TE12,0.2543815366920744,30982.303788800928,0.21907232352752054,0.21907232352752368,0.056136872650489604,0.19503947218730566,0.20945154453236284,19.610626364357877,0.0,0.0001563600752860512
1.5000000000000002,TM12,0.3347378549623198,30644.884953075383,0.15265169047664323,0.1526516904766454,0.8713765186569674,3.0274721097022947,0.07602464609157412,34.517526161228524,0.0,0.0737537150773498
1.5000000000000002,TE13,0.4072971177228144,30256.548596999113,0.08326965082667989,0.08326965082668107,0.07723972260382109,0.2683582824846189,0.07828001771956299,52.08544768455307,0.0,0.0001956409069001789
1.5000000000000002,TM13,0.485411279388828,29746.058162616842,0.041393247031372926,0.04139324703137351,0.8977068153962445,3.118952930348241,0.020185253236955022,75.8773141010264,0.0,0.06794053715656202
1.5000000000000002,TE14,0.5585338982598654,29176.99229409041,0.01463164964972284,0.014631649649723048,0.13342855513356625,0.4635782817826529,0.01315029408932563,103.38045588255797,0.0,0.00013371954128995857
1.5000000000000002,TM14,0.6357193302349714,28474.667044499678,0.005547277668191319,0.005547277668191398,0.9377896243173913,3.2582148722173323,0.0026197413662514303,138.8396466278192,0.0,0.038071527604571366
1.5000000000000002,TE15,0.709193116772911,27702.006480232634,0.0012663763466019395,0.0012663763466019575,0.2195404451606264,0.7627616311027481,0.0010623964897026029,179.92703892838756,0.0,5.7693782283836747e-05
1.5000000000000002,TM15,0.7858706096283751,26777.7104293113,0.0003848687383424385,0.00038486873834244395,0.9972195997643107,3.4646957553872753,0.0001733177572712671,232.19266331450783,0.0,0.014207932421358914
1.5000000000000002,TE16,0.8595830165870509,25763.698995638344,5.5248352792724515e-05,5.52483527927253e-05,0.34307245316738344,1.1919557864288512,4.198786146248624e-05,293.8451939258768,0.0,1.6663458832333943e-05
1.5000000000000002,TM16,0.9359403154819943,24567.16355231534,1.4201251075805163e-05,1.4201251075805364e-05,1.0869496677118613,3.7764499423506757,5.952256137664973e-06,373.14133388653045,0.0,0.003702583967888448
1.5000000000000002,TE17,1.0098251367594069,23246.437976007885,1.2210278352696253e-06,1.2210278352696427e-06,0.5224252604716265,1.815091262637571,8.039266732401715e-07,470.1456075319366,0.0,3.3194693234544988e-06
1.5000000000000002,TM17,1.0859621843316567,21686.53935272333,2.8575020327036733e-07,2.8575020327037135e-07,1.2313299343925757,4.278078367271909,1.0670351136381127e-07,599.9350650225769,0.0,0.0006985750200849386
1.5000000000000002,TE18,1.1599773171477972,19932.055000696306,1.3500832624948104e-08,1.3500832624948296e-08,0.8022778981327464,2.7873989128959273,7.105925695501462e-09,770.1888911026635,0.0,4.63969709124969e-07
1.5000000000000002,TM18,1.2359536042171906,17813.680206124194,3.259923185877538e-09,3.2599231858775845e-09,1.4990334308679734,5.208175577715684,9.826295246650386e-10,1020.4462084540083,0.0,9.995105877703603e-05
1.5000000000000002,TE19,1.3100706532914743,15311.361926596073,7.100023107671911e-11,7.100023107672013e-11,1.330697996044533,4.623318374094847,2.4486568305850313e-11,1405.272545926257,0.0,4.606871934574215e-08
1.5000000000000002,TM19,1.3859244472126102,12025.35580230625,2.4331147236156244e-11,2.433114723615659e-11,2.220584734271656,7.715101573542231,4.1176784495124976e-12,2153.866515107682,0.0,1.247884346249415e-05
1.5000000000000002,"TE1,10",1.4601233703898644,7200.6763907113755,1.1615838453399814e-13,1.161583845339998e-13,3.512718290957284,12.204433361946958,6.992093501928838e-15,4491.018444705812,0.0,3.1967926913644483e-09
1.52,TE11,0.08784923322365325,31803.59371490473,0.23027018516386247,0.23027018516386386,0.3609202437515532,1.253965362147809,0.17252068504457463,2.2340235666353188,0.0,3.728647747841389e-05
1.52,TM11,0.18282391732568906,31625.56814125678,0.2423515119834586,0.24235151198346008,0.8612990005423738,2.9924592256347107,0.12167456744138866,9.757349941305248,0.0,0.036497116721436115
1.52,TE12,0.2543815366920744,31407.55082543093,0.21846090849782598,0.21846090849782732,0.05583685980624935,0.1939971208052765,0.2089171166397133,19.08689835583587,0.0,0.00015203035386161844
1.52,TM12,0.3347378549623198,31074.74979107161,0.1546777065710002,0.15467770657100113,0.8765661603280434,3.0455027716287226,0.07671449790526805,33.580789575299384,0.0,0.0722759216295805
1.52,TE13,0.4072971177228144,30691.8528895381,0.08617550622127516,0.08617550622127569,0.07596399016020773,0.263925933999449,0.08109447188335764,50.64527298140775,0.0,0.00019372151773207902
1.52,TM13,0.485411279388828,30188.724335490944,0.043814752323430746,0.04381475232343101,0.9022931841529612,3.134887607492365,0.02128784014291495,73.72619414976836,0.0,0.06802025351875854
1.52,TE14,0.5585338982598654,29628.161942987455,0.01597718166078036,0.015977181660780458,0.1307058565988861,0.45411865818667163,0.014390911663377054,100.36510892050795,0.0,0.00013593701528183218
1.52,TM14,0.6357193302349714,28936.789111537495,0.0062309609931553815,0.006230960993155419,0.9413307202652994,3.270517899657864,0.0029342914119676153,134.64183249128078,0.0,0.039238602479125084
1.52,TE15,0.709193116772911,28176.803648060046,0.0014837569751617807,0.0014837569751617898,0.2145310867593212,0.7453573374102477,0.0012497612068677257,174.26099239910164,0.0,6.070301472214565e-05
1.52,TM15,0.7858706096283751,27268.60606313653,0.0004658857418163598,0.00046588574181636265,0.9989179149158659,3.4705963065781003,0.00020951725168016067,224.50308515498955,0.0,0.015185917369934163
1.52,TE16,0.8595830165870509,26273.547281026506,7.06570741424791e-05,7.065707414247952e-05,0.33427805970754704,1.1614009340185072,5.407736928951866e-05,283.5380254772044,0.0,1.829361645358449e-05
1.52,TM16,0.9359403154819943,25101.32717201802,1.8804594229370623e-05,1.8804594229370735e-05,1.0851662049566873,3.7702535580846597,7.892936534161896e-06,359.0882592267949,0.0,0.004132132791976002
1.52,TE17,1.0098251367594069,23810.249460324027,1.7353592804265122e-06,1.7353592804265228e-06,0.5067546506900731,1.760645987788069,1.1569772087743745e-06,450.9075207842417,0.0,3.833260380751065e-06
1.52,TM17,1.0859621843316567,22289.842751524662,4.195428305712657e-07,4.195428305712683e-07,1.2220421366906136,4.245809252943942,1.578321158877972e-07,572.6748747543916,0.0,0.0008185044813747642
1.52,TE18,1.1599773171477972,20586.838449389496,2.176015781312992e-08,2.1760157813130055e-08,0.7716920557385846,2.681132812286751,1.1736774472122869e-08,730.4218809329373,0.0,5.68189349296762e-07
1.52,TM18,1.2359536042171906,18543.416709887635,5.360042980749395e-09,5.360042980749428e-09,1.4689388104032994,5.103616156893439,1.6550329955598357e-09,957.9424350515987,0.0,0.00012314628223111373
1.52,TE19,1.3100706532914743,16154.53202162461,1.3342276239308343e-10,1.3342276239308424e-10,1.2529768403904729,4.3532874218732305,4.896673936915346e-11,1296.9060550620638,0.0,6.027295020826938e-08
1.52,TM19,1.3859244472126102,13082.059584122819,4.3817969938304005e-11,4.381796993830427e-11,2.0821770501074237,7.234224025657958,8.283804683710998e-12,1914.864871926421,0.0,1.5739886006609652e-05
1.52,"TE1,10",1.4601233703898644,8853.29550360922,3.0249413233613613e-13,3.0249413233613794e-13,2.8382368110946405,9.861044683144677,3.123291264174649e-14,3466.803044681445,0.0,4.560929325217457e-09
1.54,TE11,0.08784923322365325,32223.45542119421,0.22493815608024662,0.2249381560802472,0.3631970055041163,1.2618756426737816,0.16821920122938244,2.176232654669297,0.0,3.590049290385117e-05
1.54,TM11,0.18282391732568906,32047.762267531853,0.2388007933475638,0.2388007933475644,0.8667827673389261,3.011511782913006,0.11936708463354052,9.502861532956196,0.0,0.03529053042260387
1.54,TE12,0.2543815366920744,31832.6366320949,0.21772680647636855,0.2177268064763691,0.05555229780030325,0.19300845113374282,0.20826249044164047,18.584015074228077,0.0,0.00014783062748281267
1.54,TM12,0.3347378549623198,31504.32638030319,0.15654444060222034,0.15654444060222072,0.8817345174297126,3.063459483386806,0.07731997424433562,32.682122287804674,0.0,0.07081114593754675
1.54,TE13,0.4072971177228144,31126.714248246808,0.08900379378046364,0.08900379378046386,0.07473472952633475,0.25965504511855364,0.0838384063321633,49.26506639239298,0.0,0.00019169880955167482
1.54,TM13,0.485411279388828,30630.729392282283,0.04624475783204531,0.04624475783204542,0.9068820360614491,3.150830911989385,0.02238615045784741,71.66759154671641,0.0,0.0680279419992854
1.54,TE14,0.5585338982598654,30078.40564622488,0.017375193300932026,0.017375193300932068,0.1280854975470239,0.4450145983720397,0.01568296542580698,97.48429221255843,0.0,0.0001379627096192742
1.54,TM14,0.6357193302349714,29397.62354654807,0.006962866497482379,0.006962866497482396,0.9449221869459206,3.282995932948529,0.003269553702203288,130.64014986267784,0.0,0.04035370429386796
1.54,TE15,0.709193116772911,28649.865094277364,0.0017266065246446134,0.0017266065246446178,0.20972785603329802,0.7286692046132875,0.0014599112568349395,168.87379455506846,0.0,6.367873611995134e-05
1.54,TM15,0.7858706096283751,27757.150118942125,0.0005594479339060554,0.0005594479339060568,1.0007683568991075,3.4770254005173316,0.0002512216908137413,217.21689936450034,0.0,0.016173704066353788
1.54,TE16,0.8595830165870509,26780.250051620093,8.943939564077e-05,8.943939564077024e-05,0.32589934490338757,1.1322902971794069,6.891278890926183e-05,273.81212715036384,0.0,1.9990447464871573e-05
1.54,TM16,0.9359403154819943,25631.214015252048,2.4617306674082482e-05,2.4617306674082543e-05,1.083775844162189,3.765422949917417,1.0344231730116208e-05,345.9011301712726,0.0,0.004587864775505709
1.54,TE17,1.0098251367594069,24368.226965904258,2.4308525201499935e-06,2.4308525201499994e-06,0.49199105995870146,1.7093520198863672,1.6399228190864368e-06,432.9824422495334,0.0,4.397514017867524e-06
1.54,TM17,1.0859621843316567,22884.920711828112,6.067137290386643e-07,6.067137290386658e-07,1.213834488278574,4.217292961625937,2.297494743035891e-07,547.5275801450612,0.0,0.0009525502991788593
1.54,TE18,1.1599773171477972,21229.70615529627,3.4382635421140034e-08,3.438263542114012e-08,0.7435060651219605,2.583204650752538,1.8967875794206445e-08,694.2444579768882,0.0,6.896659533420064e-07
1.54,TM18,1.2359536042171906,19254.630855342373,8.648680551106703e-09,8.648680551106725e-09,1.4426931367962212,5.012429347122336,2.727136785834568e-09,902.3212542909428,0.0,0.00015053021374508967
1.54,TE19,1.3100706532914743,16966.18433639861,2.439615631747755e-10,2.4396156317477614e-10,1.1853189002458204,4.1182196613791255,9.451471765135323e-11,1203.9971174002355,0.0,7.798437395562042e-08
1.54,TM19,1.3859244472126102,14072.057030210699,7.796238182315941e-11,7.79623818231596e-11,1.9740215570180724,6.858453354968113,1.607088388508595e-11,1726.0266077139843,0.0,1.9850048599403562e-05
1.54,"TE1,10",1.4601233703898644,10259.79275488496,7.120905879266057e-13,7.120905879266075e-13,2.433266881484442,8.454035037013014,1.0165570153467164e-13,2863.1458252455427,0.0,6.374262945362149e-09
1.54,"TM1,10",1.5358807342061438,2359.140569650949,1.6081437838255064e-12,1.6081437838255105e-12,11.774867016759039,40.91007816418444,1.3041185124169662e-16,16920.05084313832,0.0,8.12255284746902e-06
1.56,TE11,0.08784923322365325,32643.299322971878,0.21978092012316514,0.21978092012316539,0.36546075157832625,1.2697407021014575,0.1640649902458207,2.1206572627215783,0.0,3.458175696870206e-05
1.56,TM11,0.18282391732568906,32469.878006603045,0.23527913097377148,0.23527913097377173,0.8722342540733127,3.030452187768309,0.11709495623614637,9.258234590776343,0.0,0.03413380612351341
1.56,TE12,0.2543815366920744,32257.567582792657,0.21687947019828457,0.21687947019828482,0.05528243598098788,0.19207085514170252,0.2074967783589378,18.10087769011696,0.0,0.00014375811600764055
1.56,TM12,0.3347378549623198,31933.626353486907,0.1582564618290824,0.15825646182908257,0.8868815442161752,3.081342086039357,0.07784437628650263,31.819465987108533,0.0,0.06936153362750529
1.56,TE13,0.4072971177228144,31561.150981855153,0.09175063119903817,0.09175063119903827,0.07354965681841329,0.25553768081691813,0.08650780499383366,47.94148919846005,0.0,0.00018958505266397838
1.56,TM13,0.485411279388828,31072.10154641413,0.04867693357693261,0.04867693357693267,0.9114719888348529,3.166778041282871,0.023477151782788818,69.69615188122665,0.0,0.0679681146243769
1.56,TE14,0.5585338982598654,30527.76437321113,0.01882245666066463,0.01882245666066465,0.12556203500665092,0.43624719151945135,0.01702360707438769,94.72987343397507,0.0,0.00013980063214241872
1.56,TM14,0.6357193302349714,29857.2299718511,0.007742773723842984,0.007742773723842992,0.9485594906766405,3.2956332204625918,0.003625210636058883,126.82208170088033,0.0,0.041415527386886405
1.56,TE15,0.709193116772911,29121.27540695528,0.0019962297771007618,0.001996229777100764,0.20511840029471914,0.7126543150785509,0.0016941236217650755,163.7465415370807,0.0,6.661212518100255e-05
1.56,TM15,0.7858706096283751,28243.46462693511,0.0006667042007354162,0.0006667042007354168,1.0027583451282505,3.483939327773085,0.0002989091838435133,210.30467918385756,0.0,0.017167967663783232
1.56,TE16,0.8595830165870509,27283.98255817401,0.00011211739121739338,0.0001121173912173935,0.3179068755156685,1.1045216143644703,8.694023754480153e-05,264.6214798193302,0.0,2.174914533731723e-05
1.56,TM16,0.9359403154819943,26157.083998471593,3.187926390352964e-05,3.1879263903529676e-05,1.082742372850575,3.761832302814703,1.3406797651752219e-05,333.5042787723388,0.0,0.005069073541761842
1.56,TE17,1.0098251367594069,24920.76236533042,3.3586602118992075e-06,3.358660211899211e-06,0.47805366289277673,1.6609285427837621,2.2912538894231708e-06,416.2420599082165,0.0,5.013447241302898e-06
1.56,TM17,1.0859621843316567,23472.39884191867,8.648222344418848e-07,8.648222344418858e-07,1.2065830639050312,4.192098932894989,3.293949627313904e-07,524.2565030154288,0.0,0.001101411436364754
1.56,TE18,1.1599773171477972,21861.70933041765,5.331875031429789e-08,5.331875031429795e-08,0.7174245882345214,2.492588318815722,3.0034550039419e-08,661.1848265831605,0.0,8.301055241263159e-07
1.56,TM18,1.2359536042171906,19949.303766872377,1.3706656406063865e-08,1.370665640606388e-08,1.4196694458638597,4.932436851722572,4.4023831847975826e-09,852.474352839705,0.0,0.00018260489856053512
1.56,TE19,1.3100706532914743,17750.6428712907,4.347517416937568e-10,4.3475174169375727e-10,1.1257038846382503,3.9110958828435742,1.7665736255564873e-10,1123.3309853608916,0.0,9.98267156345107e-08
1.56,TM19,1.3859244472126102,15008.554243129087,1.3661833589319587e-10,1.3661833589319603e-10,1.8870197023399873,6.556177951751785,3.0191952241754705e-11,1572.3364165487917,0.0,2.495612015479712e-05
1.56,"TE1,10",1.4601233703898644,11510.745361645166,1.5699825479481266e-12,1.5699825479481282e-12,2.1549462024062436,7.487049956027196,2.800205015748465e-13,2455.5725391437977,0.0,8.764386450604563e-09
1.56,"TM1,10",1.5358807342061438,5727.080899971537,1.4668058166928257e-12,1.4668058166928274e-12,4.945182554270227,17.181323962590298,2.8069858751154153e-14,6282.844970404191,0.0,4.883383748494242e-06
1.58,TE11,0.08784923322365325,33063.126098496265,0.21479136353175207,0.21479136353175218,0.3677116771981611,1.277561218708409,0.16005184804885628,2.0671854879096165,0.0,3.33262771926148e-05
1.58,TM11,0.18282391732568906,32891.91837639776,0.23178985682427306,0.23178985682427314,0.8776539749234619,3.049282226637715,0.11485931041313682,9.022964447084096,0.0,0.033024573757711555
1.58,TE12,0.2543815366920744,32682.349717766083,0.21592784819283398,0.21592784819283406,0.055026568761320664,0.19118188136889133,0.20662861691697262,17.636459283916345,0.0,0.0001398098976476258
1.58,TM12,0.3347378549623198,32362.660718798175,0.1598185576085822,0.1598185576085823,0.8920072198125107,3.099150507059475,0.07829105692496527,30.990901074449045,0.0,0.06792894055597173
1.58,TE13,0.4072971177228144,31995.180387292483,0.09441274447993366,0.0944127444799337,0.07240663235349597,0.25156640707456607,0.08909923630610712,46.67143538164171,0.0,0.00018739166774567014
1.58,TM13,0.485411279388828,31512.867391378404,0.051105239179226825,0.05110523917922685,0.9160617825823888,3.1827246180639026,0.024557998210188652,67.80691073804496,0.0,0.06784517229630826
1.58,TE14,0.5585338982598654,30976.276637811516,0.020315554769032868,0.020315554769032875,0.12313040425372908,0.42779884097528975,0.018409788631659745,92.09434227630037,0.0,0.00014145538528521315
1.58,TM14,0.6357193302349714,30315.66423992607,0.008570193608072915,0.00857019360807292,0.9522384888810019,3.3084153694152807,0.004000820770210653,123.1761277168193,0.0,0.04242313005138628
1.58,TE15,0.709193116772911,29591.113497867347,0.002293824463785131,0.0022938244637851317,0.20069134984846873,0.6972731664392398,0.001953587481012362,158.86196987402997,0.0,6.949505834835056e-05
1.58,TM15,0.7858706096283751,28727.662815635795,0.000788802974337354,0.0007888029743373544,1.0048765086637867,3.4912985816551023,0.0003530520043056985,203.73976124917306,0.0,0.018165471116560993
1.58,TE16,0.8595830165870509,27784.906351302907,0.00013925375859119324,0.00013925375859119332,0.31027402483886407,1.078002374923449,0.00010864423556939241,255.92477805996216,0.0,2.3564587756442624e-05
1.58,TM16,0.9359403154819943,26679.174650259098,4.0860495090281575e-05,4.0860495090281595e-05,1.082033739555428,3.7593702585765016,1.719359128054892e-05,321.83062937642273,0.0,0.005574886081725691
1.58,TE17,1.0098251367594069,25468.209862202682,4.5806049497370685e-06,4.580604949737071e-06,0.46487140276577493,1.6151286801264009,3.1579843251574277e-06,400.5744070554588,0.0,5.681951893878926e-06
1.58,TM17,1.0859621843316567,24052.834014103908,1.215926142596241e-06,1.2159261425962414e-06,1.2001821954900909,4.16986003823901,4.6550161509032676e-07,502.6595749079672,0.0,0.0012657170612659936
1.58,TE18,1.1599773171477972,22483.764176925513,8.123284639095244e-08,8.123284639095247e-08,0.6932012761700768,2.4084279127116517,4.665399944556618e-08,630.8520517922199,0.0,9.912152447719076e-07
1.58,TM18,1.2359536042171906,20629.10656084934,2.1353243400231482e-08,2.135324340023149e-08,1.399372363087226,4.861917563333567,6.9706310128767916e-09,807.5249149702015,0.0,0.00021988900549365053
1.58,TE19,1.3100706532914743,18511.365132264888,7.562504607777584e-10,7.562504607777587e-10,1.0726415758254348,3.7267385395279584,3.2062087744705057e-10,1052.5494687292603,0.0,1.264876227340344e-07
1.58,TM19,1.3859244472126102,15901.006797837583,2.354646210742785e-10,2.3546462107427863e-10,1.815471365806214,6.3075935697839896,5.510186595910743e-11,1444.374880866468,0.0,3.1227972551421874e-05
1.58,"TE1,10",1.4601233703898644,12652.374302737198,3.295365676896153e-12,3.2953656768961543e-12,1.9481180119261272,6.768455221406803,6.935185658081736e-13,2157.81819138998,0.0,1.1882091381696233e-08
1.58,"TM1,10",1.5358807342061438,7770.7639489787425,2.2953297544348428e-12,2.2953297544348436e-12,3.7149302378894102,12.906989623767243,1.1752929312574748e-13,4351.546825999125,0.0,5.145092094244749e-06
1.6,TE11,0.08784923322365325,33482.93639198147,0.20996270001496395,0.20996270001496398,0.3699499738005142,1.2853378576145271,0.15617386672724323,2.015712409415159,0.0,3.213033942779029e-05
1.6,TM11,0.18282391732568906,33313.886241386266,0.2283358710303066,0.22833587103030661,0.8830424325982146,3.06800364611063,0.11266104593900626,8.79657841091271,0.0,0.03196058266883336
1.6,TE12,0.2543815366920744,33106.988765195434,0.2148803975357522,0.21488039753575225,0.054784032362312954,0.19033922361089348,0.20566617752654684,17.189799238714453,0.0,0.00013598294449159733
1.6,TM12,0.3347378549623198,32791.43990166419,0.1612356803003234,0.16123568030032345,0.8971115455728109,3.116884751151755,0.0786633937748657,30.19463548595937,0.0,0.06651496056256088
1.6,TE13,0.4072971177228144,32428.818819682558,0.09698743144899488,0.0969874314489949,0.07130364950973357,0.24773425217312633,0.09160982060786478,45.45201216023965,0.0,0.00018512926076430083
1.6,TM13,0.485411279388828,31953.05201778091,0.053523945054424905,0.05352394505442492,0.9206502684562499,3.1986666508263735,0.025626037132876055,65.99525946277451,0.0,0.06766338795303978
1.6,TE14,0.5585338982598654,31423.97868454343,0.021850919046200866,0.02185091904620087,0.12078588628198814,0.419653151232489,0.01983829723336719,89.57075288193113,0.0,0.00014293206709471213
1.6,TM14,0.6357193302349714,30772.978736748,0.009444380425887038,0.00944438042588704,0.955955390812303,3.321329209403597,0.00439582658783386,119.69170404565293,0.0,0.04337590612054384
1.6,TE15,0.709193116772911,30059.453089969542,0.0026204691953529186,0.002620469195352919,0.19643622025249605,0.6824893320127265,0.0022393920163058163,154.20428298417983,0.0,7.232011968015439e-05
1.6,TM15,0.7858706096283751,29209.849928975596,0.0009268807796179553,0.0009268807796179555,1.0071125461696924,3.49906737165625,0.0004141113551840763,197.49792838238673,0.0,0.019163087166482705
1.6,TE16,0.8595830165870509,28283.170666936985,0.00017144926192554742,0.00017144926192554747,0.3029766367046601,1.0526486517315206,0.00013454598878345395,247.6848388093029,0.0,2.543140015872438e-05
1.6,TM16,0.9359403154819943,27197.70361709679,5.18619175825578e-05,5.186191758255781e-05,1.0816214711096317,3.7579378912879235,2.1830052569238912e-05,310.8205024975589,0.0,0.0061042765881981756
1.6,TE17,1.0098251367594069,26010.890711577144,6.170492079733985e-06,6.1704920797339865e-06,0.4523815134254688,1.5717343599657831,4.296812108361745e-06,385.8813105763767,0.0,6.403586601339642e-06
1.6,TM17,1.0859621843316567,24626.724226629212,1.6873717376333922e-06,1.6873717376333926e-06,1.194541192376075,4.15026118604048,6.489102767117392e-07,482.56314775365354,0.0,0.0014460186077453806
1.6,TE18,1.1599773171477972,23096.674513617996,1.2170458715787958e-07,1.217045871578796e-07,0.6706287273396747,2.330002845515369,7.117158913289148e-08,602.919184143497,0.0,1.1746839938102726e-06
1.6,TM18,1.2359536042171906,21295.46335544943,3.272482242167891e-08,3.2724822421678915e-08,1.3814048017761842,4.799491861488417,1.083747509407233e-08,766.7692110085625,0.0,0.0002629133010968458
1.6,TE19,1.3100706532914743,19251.165187708622,1.2859426880376556e-09,1.285942688037656e-09,1.0250048943249035,3.5612317562330507,5.663676480981476e-10,989.8789670059816,0.0,1.5871661064737843e-07
1.6,TM19,1.3859244472126102,16756.45365849496,3.989556248767742e-10,3.989556248767743e-10,1.7556027824295164,6.099588806585072,9.794126565148591e-11,1335.8977228700376,0.0,3.885708048891385e-05
1.6,"TE1,10",1.4601233703898644,13712.012890928041,6.6445656802685255e-12,6.644565680268527e-12,1.7863578561202555,6.2064428769404,1.5915574176002426e-12,1928.7447449330737,0.0,1.5904332483880225e-08
1.6,"TM1,10",1.5358807342061438,9397.951605278666,3.8972487048037915e-12,3.897248704803793e-12,3.130224732481439,10.875514627470173,3.18571307983501e-13,3426.60166341484,0.0,5.982332986059845e-06
1.62,TE11,0.08784923322365325,33902.73081570823,0.20528845553354183,0.20528845553354186,0.37217582906857044,1.293071270897984,0.15242541996430573,1.9661395717951438,0.0,3.0990485720959316e-05
1.62,TM11,0.18282391732568906,33735.78432224335,0.2249196829295916,0.22491968292959164,0.8884001185612862,3.08661815370689,0.11050085725272589,8.578633359780135,0.0,0.030939696089241443
1.62,TE12,0.2543815366920744,33531.4901612152,0.21374509852532605,0.21374509852532608,0.054554201831653056,0.18954071056098554,0.20461717928407722,16.759998139469978,0.0,0.00013227415308948937
1.62,TM12,0.3347378549623198,33219.97378321286,0.16251290006111507,0.16251290006111507,0.9021945427109154,3.134544892020625,0.07896476572064447,29.428994561117964,0.0,0.0651209509870814
1.62,TE13,0.4072971177228144,32862.081756527434,0.0994725243957134,0.09947252439571341,0.07023882460395961,0.2440346715269601,0.09403719632855577,44.28052242117769,0.0,0.0001828076598469799
1.62,TM13,0.485411279388828,32392.679120194858,0.055927648161352615,0.05592764816135262,0.925236398487229,3.2146004985523344,0.02667881325814331,64.25691444016552,0.0,0.06742689341613066
1.62,TE14,0.5585338982598654,31870.904657689513,0.023424865291798873,0.023424865291798876,0.11852407860685926,0.41179482649300986,0.021305788888766868,87.15267252309765,0.0,0.00014423618069089067
1.62,TM14,0.6357193302349714,31229.22265547511,0.010364346072531358,0.010364346072531358,0.9597067228651975,3.3343626718864687,0.004809563231064077,116.35905455058624,0.0,0.044273556523926894
1.62,TE15,0.709193116772911,30526.363153853992,0.0029771132830063766,0.002977113283006377,0.19234332621309766,0.6682691616421232,0.002552515830710981,149.75899927346407,0.0,7.5080601499592e-05
1.62,TM15,0.7858706096283751,29690.123950670382,0.001082050918483955,0.001082050918483955,1.0094571049069956,3.507213203033121,0.0004825322866951005,191.55713527992043,0.0,0.020157816875715037
1.62,TE16,0.8595830165870509,28778.913640163348,0.00020933946876346675,0.00020933946876346677,0.2959927376184475,1.0283841010490304,0.0001652010135990356,239.86809743576623,0.0,2.7344017397237904e-05
1.62,TM16,0.9359403154819943,27712.870825238137,6.521564403730331e-05,6.521564403730332e-05,1.0814801858392593,3.7574470159815485,2.745409207739374e-05,300.4206147262167,0.0,0.0066560813894120385
1.62,TE17,1.0098251367594069,26549.097215206875,8.215409226754199e-06,8.2154092267542e-06,0.44052830706504337,1.530552103044237,5.775292584885969e-06,372.0763073054861,0.0,7.178573870571899e-06
1.62,TM17,1.0859621843316567,25194.516734149543,2.312639780639483e-06,2.312639780639483e-06,1.1895817505999826,4.1330303204670615,8.929043932918498e-07,463.8171006644972,0.0,0.0016427831956492094
1.62,TE18,1.1599773171477972,23701.149780567743,1.7946853036228686e-07,1.794685303622869e-07,0.6495308602943957,2.2567013476138236,1.0673778144293869e-07,577.1104869423805,0.0,1.3821628076053507e-06
1.62,TM18,1.2359536042171906,21949.598785767925,4.937261429247306e-08,4.937261429247307e-08,1.365444388381457,4.744039705758619,1.6560832065923553e-08,729.6352128512372,0.0,0.000312215655974028
1.62,TE19,1.3100706532914743,19972.36812241702,2.1403519822511577e-09,2.140351982251158e-09,0.9819231130347592,3.411550317154071,9.757311444865571e-10,933.9569898068938,0.0,1.9732193014381615e-07
1.62,TM19,1.3859244472126102,17580.297680704512,6.645101335449983e-10,6.645101335449983e-10,1.7048049336839552,5.923099003363046,1.6989934627559662e-10,1242.5823758982376,0.0,4.8055607249398e-05
1.62,"TE1,10",1.4601233703898644,14707.393543856508,1.2942531028009995e-11,1.2942531028009996e-11,1.6551999060644744,5.750753485204656,3.443054255072899e-12,1745.9353800870547,0.0,2.1036910345000863e-08
1.62,"TM1,10",1.5358807342061438,10798.593506010639,6.76552108077872e-12,6.765521080778721e-12,2.775454279042923,9.642915825304875,7.345302214580939e-13,2860.8818464761644,0.0,7.217430419271554e-06
1.62,"TE1,11",1.6101468641628114,3739.017818723693,1.58119853732859e-14,1.5811985373285904e-14,7.913983171156058,27.495993768866192,2.81440780844335e-17,10781.650687354258,0.0,1.688620818769082e-09
1.6400000000000003,TE11,0.08784923322365325,34322.50995197979,0.20076245359623324,0.20076245359623324,0.3743894269721946,1.3007620977355567,0.1488011490789002,1.918374512387605,0.0,2.9903494141037785e-05
1.6400000000000003,TM11,0.18282391732568906,34157.61520478705,0.2215434485514008,0.2215434485514008,0.8937275132623552,3.105127418679649,0.10837925711070166,8.3687135410461,0.0,0.029959885729952188
1.6400000000000003,TE12,0.2543815366920744,33955.859068400125,0.21252947080309267,0.21252947080309267,0.05433648831111968,0.18878429631615856,0.20348890331509817,16.346213126706115,0.0,0.00012868037070133543
1.6400000000000003,TM12,0.3347378549623198,33648.27173568843,0.1636553631118384,0.1636553631118384,0.9072562501734793,3.1521310649806256,0.07919853269835024,28.6924118462238,0.0,0.0637480560823796
1.6400000000000003,TE13,0.4072971177228144,33294.98385664231,0.10186635243911578,0.10186635243911578,0.06921038767950773,0.24046151567676005,0.09637948557978859,43.154448838735426,0.0,0.0001804359533184485
1.6400000000000003,TM13,0.485411279388828,32831.771094860036,0.05831128282975785,0.05831128282975785,0.9298192164684381,3.2305228390387826,0.027714070152762442,62.58788947338452,0.0,0.06713966945626756
1.6400000000000003,TE14,0.5585338982598654,32317.08675516582,0.025033627846081846,0.025033627846081846,0.11634086900705454,0.4042095794367427,0.022808820829992398,84.83413574997927,0.0,0.00014537355200943962
1.6400000000000003,TM14,0.6357193302349714,31684.442243893438,0.011328876237874114,0.011328876237874114,0.9634892978628722,3.347504683477471,0.005241267965327173,113.16917221294231,0.0,0.04511606122309837
1.6400000000000003,TE15,0.709193116772911,30991.90829946349,0.0033645685110740586,0.0033645685110740586,0.18840370550806124,0.6545815173782102,0.0028938180707969684,145.51281874822146,0.0,7.777049708990453e-05
1.6400000000000003,TM15,0.7858706096283751,30168.576248267836,0.001255392490888751,0.001255392490888751,1.011901675800488,3.515706512230441,0.0005587388574338048,185.89727044816064,0.0,0.021146804848218393
1.6400000000000003,TE16,0.8595830165870509,29272.263372506048,0.0002535908372283435,0.0002535908372283435,0.2893022890533974,1.00513910190296,0.0002011961413507629,232.44417641864825,0.0,2.9296742729574904e-05
1.6400000000000003,TM16,0.9359403154819943,28224.860354264187,8.12848358556399e-05,8.12848358556399e-05,1.0815871846290745,3.757818767853445,3.4215875443307375e-05,290.583237930652,0.0,0.007229014637095819
1.6400000000000003,TE17,1.0098251367594069,27083.09612256111,1.0816981479046622e-05,1.0816981479046622e-05,0.42926217294700125,1.4914095440054558,7.672998825153368e-06,359.08293052550465,0.0,8.006802004337388e-06
1.6400000000000003,TM17,1.0859621843316567,25756.614802972857,3.1322358139484516e-06,3.1322358139484516e-06,1.1852358868391788,4.1179312432636985,1.2135602049858783e-06,446.2909344254837,0.0,0.0018563884415948408
1.6400000000000003,TE18,1.1599773171477972,24297.819522794336,2.606942722257613e-07,2.606942722257613e-07,0.6297570425200498,2.188000068049353,1.575184691654304e-07,553.1916387104073,0.0,1.6152457241016015e-06
1.6400000000000003,TM18,1.2359536042171906,22592.57443271049,7.33820949669904e-08,7.33820949669904e-08,1.351226430704525,4.694641461254414,2.4895792754702802e-08,695.6526706584102,0.0,0.0003683357307150532
1.6400000000000003,TE19,1.3100706532914743,20676.920009003246,3.4912760974717146e-09,3.4912760974717146e-09,0.9427111615998278,3.275314044091279,1.6423011261523165e-09,883.7176364483981,0.0,2.431663410184228e-07
1.6400000000000003,TM19,1.3859244472126102,18376.78968654655,1.0883420621592382e-09,1.0883420621592382e-09,1.6612099484179987,5.771634511045779,2.881389458426724e-10,1161.330286889296,0.0,5.9055589897738915e-05
1.6400000000000003,"TE1,10",1.4601233703898644,15650.781370118591,2.444777445393964e-11,2.444777445393964e-11,1.5459658774095981,5.37123559815766,7.097669462688904e-12,1596.0044318783932,0.0,2.751684312832242e-08
1.6400000000000003,"TM1,10",1.5358807342061438,12051.935709645744,1.1776640869954393e-11,1.1776640869954393e-11,2.533014726176522,8.800594545265119,1.552251102102425e-12,2471.0137800692055,0.0,8.849212798913552e-06
1.6400000000000003,"TE1,11",1.6101468641628114,6528.383175803363,5.575011646253765e-14,5.575011646253765e-14,4.504973017548722,15.651879381155608,1.5172524269637388e-15,5690.587305852125,0.0,2.355833133245214e-09
1.6600000000000001,TE11,0.08784923322365325,34742.27435493556,0.1963788010966811,0.1963788010966811,0.3765909478141597,1.3084109645632402,0.1452959496558599,1.8723303285628738,0.0,2.8866360381043707e-05
1.6600000000000001,TM11,0.18282391732568906,34579.38134825667,0.21820900482386044,0.21820900482386044,0.8990250863731809,3.123533072835734,0.1062965970482592,8.166428562205665,0.0,0.02901922650995376
1.6600000000000001,TE12,0.2543815366920744,34380.10039285681,0.2112405905105148,0.2112405905105148,0.054130336528985,0.18806805166483365,0.20228820825367552,15.947653658755472,0.0,0.0001251984177455757
1.6600000000000001,TM12,0.3347378549623198,34076.34265511178,0.16466825505402127,0.16466825505402127,0.9122967227287739,3.1696434603162196,0.07936801841494338,27.98342073476303,0.0,0.06239722845527829
1.6600000000000001,TE13,0.4072971177228144,33727.539014341586,0.10416770411560071,0.10416770411560071,0.06821667410991421,0.2370090011178253,0.09863525965547551,42.07143949512312,0.0,0.00017802252826673516
1.6600000000000001,TM13,0.485411279388828,33270.34912914423,0.06067012718793541,0.06067012718793541,0.9343978497650899,3.246430640441938,0.02872974963459714,60.98447090662886,0.0,0.06680553864764462
1.6600000000000001,TE14,0.5585338982598654,32762.555368755588,0.026673391645699273,0.026673391645699273,0.11423241186128619,0.39688404900684926,0.024343882147136665,82.6096033408304,0.0,0.00014635025555828404
1.6600000000000001,TM14,0.6357193302349714,32138.681028574905,0.012336548054811968,0.012336548054811968,0.9673001877991971,3.360745071241364,0.005690090157212389,110.11372929390807,0.0,0.04590365185287183
1.6600000000000001,TE15,0.709193116772911,31456.149128464775,0.003783502874105676,0.003783502874105676,0.18460905158216834,0.6413975392922279,0.003264031296774466,141.45350555430065,0.0,8.038448664553842e-05
1.6600000000000001,TM15,0.7858706096283751,30645.29214736599,0.0014479399320873796,0.0014479399320873796,1.0144385021330533,3.5245203496526814,0.0006431296179276499,180.49994889270215,0.0,0.02212735132629073
1.6600000000000001,TE16,0.8595830165870509,29763.33887350713,0.00030489622420356026,0.00030489622420356026,0.282886973418071,0.9828500124622409,0.00024314595270773432,225.38551464666872,0.0,3.1283803482624705e-05
1.6600000000000001,TM16,0.9359403154819943,28733.84206763126,0.00010046308798680926,0.00010046308798680926,1.0819221056186248,3.758982402554527,4.227740116309978e-05,281.2654887164674,0.0,0.007821684425981103
1.6600000000000001,TE17,1.0098251367594069,27613.13154160075,1.4092550383484361e-05,1.4092550383484361e-05,0.41853874488239323,1.4541525389210899,1.0082641886922791e-05,346.8332915375139,0.0,8.887831428530236e-06
1.6600000000000001,TM17,1.0859621843316567,26313.383363957248,4.19461062231367e-06,4.19461062231367e-06,1.1814442762462496,4.104757838799418,1.6301060843787774e-06,429.87062686776585,0.0,0.002087118662107256
1.6600000000000001,TE18,1.1599773171477972,24887.245157151225,3.733087424397808e-07,3.733087424397808e-07,0.6111775157082165,2.123448180283331,2.2894087728369647e-07,530.9621262039198,0.0,1.8754513971023994e-06
1.6600000000000001,TM18,1.2359536042171906,23225.317165701428,1.075165687922427e-07,1.075165687922427e-07,1.3385313889839552,4.650534368720215,3.684868205268155e-08,664.4310827237259,0.0,0.0004318094765314463
1.6600000000000001,TE19,1.3100706532914743,21366.46809860208,5.587311822493426e-09,5.587311822493426e-09,0.9068214277296828,3.1506203370770374,2.7048356129196043e-09,838.3137436218826,0.0,2.9716182140281285e-07
1.6600000000000001,TM19,1.3859244472126102,19149.342994824263,1.7534258076156545e-09,1.7534258076156545e-09,1.623441524657103,5.640413566809453,4.784604426239493e-10,1089.8555204786123,0.0,7.210801254458448e-05
1.6600000000000001,"TE1,10",1.4601233703898644,16551.069314250144,4.4913384359841815e-11,4.4913384359841815e-11,1.4530886265967555,5.0485469779787655,1.4044978667636247e-11,1470.4053225640039,0.0,3.561438566343352e-08
1.6600000000000001,"TM1,10",1.5358807342061438,13200.003496184983,2.038122993632937e-11,2.038122993632937e-11,2.3551405751992363,8.18259644732383,3.0972106495767443e-12,2182.4207374137886,0.0,1.0923306943736716e-05
1.6600000000000001,"TE1,11",1.6101468641628114,8462.31202686204,1.4237737825298694e-13,1.4237737825298694e-13,3.4545094430136905,12.002195110268172,8.978865799303097e-15,4151.259883311818,0.0,3.2471628740234896e-09
1.6800000000000002,TE11,0.08784923322365325,35162.02455223473,0.19213187470690957,0.19213187470690957,0.37878056828121154,1.3160184852536645,0.14190495876751028,1.8279252810211544,0.0,2.787628096301946e-05
1.6800000000000002,TM11,0.18282391732568906,35001.08509298685,0.21491790076446296,0.21491790076446296,0.9042932970269715,3.1418367113672954,0.10425308584481384,7.971411551741487,0.0,0.0281158914458984
1.6800000000000002,TE12,0.2543815366920744,34804.21880004287,0.20988510813948302,0.20988510813948302,0.05393522249621303,0.18739015608263557,0.20102154651515494,15.563577641815566,0.0,0.0001218251069191445
1.6800000000000002,TM12,0.3347378549623198,34504.194991434524,0.16555676882098505,0.16555676882098505,0.9173160292478193,3.1870823173098386,0.07947649572008078,27.300646858054098,0.0,0.061069248667295066
1.6800000000000002,TE13,0.4072971177228144,34159.76040932194,0.10637579059582943,0.10637579059582943,0.06725611693521596,0.23367168367363306,0.10080350486067105,41.02929484099867,0.0,0.00017557510911548628
1.6800000000000002,TM13,0.485411279388828,33708.433283578954,0.06299980570094439,0.06299980570094439,0.9389715019442021,3.262321135670203,0.0297239893119708,59.443195179748315,0.0,0.0664281606238069
1.6800000000000002,TE14,0.5585338982598654,33207.33921212479,0.0283403219731509,0.0283403219731509,0.11219510678291456,0.3898057261789271,0.025907422479189316,80.47392547845699,0.0,0.0001471725478377603
1.6800000000000002,TM14,0.6357193302349714,32591.980018323917,0.013385748822210207,0.013385748822210207,0.9711366995918002,3.3740744784516377,0.0061551015643511444,107.18501514601267,0.0,0.04663678532389175
1.6800000000000002,TE15,0.709193116772911,31919.142551932066,0.004234436249583702,0.004234436249583702,0.18095165366729418,0.6286904374317934,0.0036637561048565685,137.5697842612146,0.0,8.291791761418519e-05
1.6800000000000002,TM15,0.7858706096283751,31120.351444926782,0.0016606732219877028,0.0016606732219877028,1.017060499839851,3.533630102737683,0.0007360734829263316,175.3483310036339,0.0,0.023096921380639866
1.6800000000000002,TE16,0.8595830165870509,30252.2508940668,0.0003639698969936387,0.0003639698969936387,0.27673000839586925,0.9614585249869324,0.0002916887056120348,218.66704756723857,0.0,3.32994029015304e-05
1.6800000000000002,TM16,0.9359403154819943,29239.97303736651,0.00012317334174702808,0.00012317334174702808,1.0824666312030204,3.760874278206993,5.1811873482067576e-05,272.42872503769627,0.0,0.00843260905000573
1.6800000000000002,TE17,1.0098251367594069,28139.427442506556,1.8176245173401573e-05,1.8176245173401573e-05,0.40831820473641367,1.4186427454213333,1.3111123178356645e-05,335.26689824365195,0.0,9.82090497699294e-06
1.6800000000000002,TM17,1.0859621843316567,26865.15377430263,5.5570945121491855e-06,5.5570945121491855e-06,1.1781549043248556,4.093329390204306,2.165283886923698e-06,414.4560802897388,0.0,0.002335162444146505
1.6800000000000002,TE18,1.1599773171477972,25469.929618483282,5.273611767312663e-07,5.273611767312663e-07,0.5936797915286384,2.062654859826884,3.2797645603215433e-07,510.249272647594,0.0,2.164205820850308e-06
1.6800000000000002,TM18,1.2359536042171906,23848.641485538967,1.5538712070063116e-07,1.5538712070063116e-07,1.3271755095815052,4.611080002627072,5.374115785539462e-08,635.6432129642623,0.0,0.0005031635754102551
1.6800000000000002,TE19,1.3100706532914743,22042.420517423336,8.781870136274339e-09,8.781870136274339e-09,0.8738100493195736,3.0359270612087927,4.365101076212264e-09,797.0625973968231,0.0,3.6026328042855607e-07
1.6800000000000002,TM19,1.3859244472126102,19900.745724514196,2.7801838069485754e-09,2.7801838069485754e-09,1.5904607950607417,5.52582677582671,7.789163711949939e-10,1026.4304911644626,0.0,8.748166825777192e-05
1.6800000000000002,"TE1,10",1.4601233703898644,17414.942971582124,8.042922238239865e-11,8.042922238239865e-11,1.3728087334565704,4.769626061190244,2.6819536232497188e-11,1363.394093899038,0.0,4.5634648659799734e-08
1.6800000000000002,"TM1,10",1.5358807342061438,14268.231689934133,3.492113627002934e-11,3.492113627002934e-11,2.218311438415731,7.707203334774538,5.9206315203591105e-12,1958.3330721218138,0.0,1.3507758346104464e-05
1.6800000000000002,"TE1,11",1.6101468641628114,10047.540400432277,3.2506751875243543e-13,3.2506751875243543e-13,2.8921771224487354,10.048452519730489,3.2146102438350715e-14,3341.45800319686,0.0,4.422656518300066e-09
1.7000000000000002,TE11,0.08784923322365325,35581.761046620304,0.18801630783393833,0.18801630783393833,0.3809584614990855,1.3235852613072419,0.13862354278105868,1.7850824297458705,0.0,2.693063789252595e-05
1.7000000000000002,TM11,0.18282391732568906,35422.72866752834,0.2116714258987373,0.2116714258987373,0.9095325940594873,3.160039893689485,0.10224880617301153,7.783317474143669,0.0,0.027248146717196303
1.7000000000000002,TE12,0.2543815366920744,35228.21872942323,0.20846926679092292,0.20846926679092292,0.05375065138750442,0.18674889037038828,0.19969498107486824,15.19328789159326,0.0,0.00011855725940645238
1.7000000000000002,TM12,0.3347378549623198,34931.836776410186,0.16632607686077136,0.16632607686077136,0.92231425115721,3.204447918866449,0.0795271743611797,26.64280114958233,0.0,0.0597647431240756
1.7000000000000002,TE13,0.4072971177228144,34591.660552640526,0.10849020985764828,0.10849020985764828,0.06632723985716775,0.23044443415873103,0.10288358901160648,40.0259558535845,0.0,0.00017310079578474851
1.7000000000000002,TM13,0.485411279388828,34146.04256718956,0.06529628831053265,0.06529628831053265,0.9435394461316745,3.278191799304294,0.03069511855378304,57.96082854321138,0.0,0.06601102938679997
1.7000000000000002,TE14,0.5585338982598654,33651.46543786687,0.030030591767610186,0.030030591767610186,0.11022557929393054,0.38296288681554685,0.02749587859716625,78.42230865492564,0.0,0.0001478468080172901
1.7000000000000002,TM14,0.6357193302349714,33044.377889160714,0.014474695432662615,0.014474695432662615,0.9749963534661311,3.387484289489065,0.006635306754813223,104.37588071377334,0.0,0.047316118580559466
1.7000000000000002,TE15,0.709193116772911,32380.94207736069,0.004717737941222062,0.004717737941222062,0.17742434345163346,0.6164353065308141,0.004093457470327187,133.85124804601324,0.0,8.536678047712237e-05
1.7000000000000002,TM15,0.7858706096283751,31593.828869299534,0.0018945088972460642,0.0018945088972460642,1.019761187713502,3.5430132534646397,0.000837906045481525,170.42696383831873,0.0,0.024053151432976674
1.7000000000000002,TE16,0.8595830165870509,30739.102666219675,0.000431542139662896,0.000431542139662896,0.27081598529792805,0.9409111042086584,0.00034748183006794435,212.26593018547965,0.0,3.533776783060026e-05
1.7000000000000002,TM16,0.9359403154819943,29743.398793560038,0.00014986633362543684,0.00014986633362543684,1.0832042382703984,3.763436987640393,6.300287731670763e-05,264.03803144677937,0.0,0.009060233132614597
1.7000000000000002,TE17,1.0098251367594069,28662.18982141663,2.321991596231637e-05,2.321991596231637e-05,0.3985646963588939,1.3847555864809014,1.6880491397698097e-05,324.3296654568458,0.0,1.0804961645260066e-05
1.7000000000000002,TM17,1.0859621843316567,27412.22785334594,7.286827322958802e-06,7.286827322958802e-06,1.1753219652597826,4.083486751776071,2.8457045149989536e-06,399.95903384222163,0.0,0.002600611533441447
1.7000000000000002,TE18,1.1599773171477972,26046.325332709028,7.354300908902439e-07,7.354300908902439e-07,0.5771657830871594,2.00527931790498,4.6346128744230875e-07,490.90350205104005,0.0,2.4828264519966585e-06
1.7000000000000002,TM18,1.2359536042171906,24463.26734662805,2.2165078829331838e-07,2.2165078829331838e-07,1.3170037207429195,4.575739588517609,7.728501958896649e-08,609.0125791203589,0.0,0.0005829099346334551
1.7000000000000002,TE19,1.3100706532914743,22705.991518402214,1.3569002553050525e-08,1.3569002553050525e-08,0.8433128100204564,2.929968799281676,6.911161540924408e-09,759.407225759288,0.0,4.3346137332568255e-07
1.7000000000000002,TM19,1.3859244472126102,20633.308725422543,4.340581561805292e-09,4.340581561805292e-09,1.5614673297313812,5.425093159796354,1.2446252439960717e-09,969.7225265835879,0.0,0.00010546176610530781
1.7000000000000002,"TE1,10",1.4601233703898644,18247.574832571194,1.4065822677744044e-10,1.4065822677744044e-10,1.3024822578398652,4.525286858853934,4.961767981410613e-11,1270.9505318487395,0.0,5.7918770965433016e-08
1.7000000000000002,"TM1,10",1.5358807342061438,15273.381554995236,5.910510766673032e-11,5.910510766673032e-11,2.1094387984521776,7.328941040643251,1.0932787547684941e-11,1778.2637851955826,0.0,1.6686283654338715e-05
1.7000000000000002,"TE1,11",1.6101468641628114,11430.08384331221,6.94574523102292e-13,6.94574523102292e-13,2.5274079925431714,8.781114757437393,9.196178102413752e-14,2824.830179239046,0.0,5.954585851610125e-09
1.7000000000000002,"TM1,11",1.6858263459376348,4591.265629621631,1.2134631122031576e-12,1.2134631122031576e-12,7.017300942248129,24.38060061658281,4.425542514320929e-15,9019.905614550724,0.0,5.014546643995461e-06
1.7200000000000002,TE11,0.08784923322365325,36001.4843173736,0.184026978140535,0.184026978140535,0.3831247970907181,1.3311118820544152,0.13544728574282947,1.7437292995723943,0.0,2.602698462526101e-05
1.7200000000000002,TM11,0.18282391732568906,35844.31419526178,0.20847063613774602,0.20847063613774602,0.9147434162506187,3.178144144279784,0.10028372959873058,7.601821584466548,0.0,0.026414346916796134
1.7200000000000002,TE12,0.2543815366920744,35652.1044080626,0.20699892060658057,0.20699892060658057,0.05357615559021979,0.18614262987538008,0.19831420251520634,14.836128894305203,0.0,0.00011539171854572832
1.7200000000000002,TM12,0.3347378549623198,35359.27564938335,0.16698130716632265,0.16698130716632265,0.9272914810454248,3.221740586671374,0.07952319087012454,26.00867351519532,0.0,0.05848420037864259
1.7200000000000002,TE13,0.4072971177228144,35023.25132914444,0.11051091207269963,0.11051091207269963,0.06542865082808222,0.22732241610408585,0.10487522888170157,39.05949326699167,0.0,0.00017060610111009438
1.7200000000000002,TM13,0.485411279388828,34583.195006760616,0.06755588664298076,0.06755588664298076,0.9481010190158612,3.2940403267635077,0.0316416531531677,56.53434869581617,0.0,0.06555747235874368
1.7200000000000002,TE14,0.5585338982598654,34094.95974467868,0.03174040642501527,0.03174040642501527,0.10832066331269499,0.3763445308224276,0.029105698774713272,76.45028587239233,0.0,0.00014837948542484333
1.7200000000000002,TM14,0.6357193302349714,33495.911152810346,0.015601454168532173,0.015601454168532173,0.9788768636444384,3.400966562748331,0.007129653493991857,101.67968889861943,0.0,0.047942484655527785
1.7200000000000002,TE15,0.709193116772911,32841.5980684969,0.005233625997802485,0.005233625997802485,0.17402044746605644,0.6046089605827443,0.004553462749202423,130.2882772102172,0.0,8.772768092208583e-05
1.7200000000000002,TM15,0.7858706096283751,32065.794493476937,0.002150291970723823,0.002150291970723823,1.0225346261076758,3.5526491653885466,0.0009489263725487281,165.7216416224454,0.0,0.024993853361516053
1.7200000000000002,TE16,0.8595830165870509,31223.99056174122,0.0005083535508388228,0.0005083535508388228,0.26513072782814584,0.9211584966300532,0.00041119707034242587,206.1612963260733,0.0,3.7393192000419394e-05
1.7200000000000002,TM16,0.9359403154819943,30244.25442407301,0.00018101859873788855,0.00018101859873788855,1.0841199843699392,3.766618615463233,7.604336684656302e-05,256.0617780577318,0.0,0.0097029434027954
1.7200000000000002,TE17,1.0098251367594069,29181.608578593303,2.939390092308891e-05,2.939390092308891e-05,0.3892458297538605,1.3523785277276337,2.1528777691524366e-05,313.97308133430806,0.0,1.1838653307070584e-05
1.7200000000000002,TM17,1.0859621843316567,27954.881322571666,9.461664848547665e-06,9.461664848547665e-06,1.172904955331092,4.075089199178186,3.702189463516494e-06,386.30134422471076,0.0,0.002883460969672246
1.7200000000000002,TE18,1.1599773171477972,26616.840857108327,1.0130702695015366e-06,1.0130702695015366e-06,0.5615495005383614,1.9510227951946995,6.464534995230828e-07,472.794548718733,0.0,2.8325079616955673e-06
1.7200000000000002,TM18,1.2359536042171906,25069.834525738486,3.1223829071620997e-07,3.1223829071620997e-07,1.3078841730782425,4.544055034691826,1.0966818534499892e-07,584.303829970339,0.0,0.0006715403399976955
1.7200000000000002,TE19,1.3100706532914743,23358.23633558545,2.062845301533361e-08,2.062845301533361e-08,0.8150275602404414,2.8316957760919506,1.0747243347953629e-08,724.8882532659765,0.0,5.177745428338355e-07
1.7200000000000002,TM19,1.3859244472126102,21348.971470164768,6.6764116525024854e-09,6.6764116525024854e-09,1.535833406268629,5.336031787721125,1.95406914705468e-09,918.6852692868854,0.0,0.0001263482712159085
1.7200000000000002,"TE1,10",1.4601233703898644,19053.061201434186,2.4061317399102095e-10,2.4061317399102095e-10,1.2401874065441938,4.308852377504385,8.921423673907464e-11,1190.1666766356927,0.0,7.284460231302639e-08
1.7200000000000002,"TM1,10",1.5358807342061438,16227.178990809827,9.870315161452563e-11,9.870315161452563e-11,2.020590899473637,7.020251822602629,1.9602246119459963e-11,1629.7823494594634,0.0,2.0556038606621898e-05
1.7200000000000002,"TE1,11",1.6101468641628114,12676.433668049463,1.4145744551367682e-12,1.4145744551367682e-12,2.265676916571675,7.87176786114122,2.309133410506968e-13,2460.027427335736,0.0,7.928881326445142e-09
1.7200000000000002,"TM1,11",1.6858263459376348,7150.166009055737,1.557601494744659e-12,1.557601494744659e-12,4.5857004799278895,15.932355312750207,3.973935592463676e-14,5392.578625636123,0.0,4.47337619779199e-06
1.7400000000000002,TE11,0.08784923322365325,36421.19482166794,0.18015899562114668,0.18015899562114668,0.3852797412369877,1.3385989248666919,0.1323719783232823,1.7037975726502341,0.0,2.5163033222159317e-05
1.7400000000000002,TM11,0.18282391732568906,36265.8437005461,0.20531637732409114,0.20531637732409114,0.9199261925653591,3.1961509535152293,0.0983577300827972,7.4266180093370835,0.0,0.025612930493663727
1.7400000000000002,TE12,0.2543815366920744,36075.87986324368,0.20547955317636218,0.20547955317636218,0.053411292905964435,0.1855698382430292,0.19688454614029355,14.491483838306305,0.0,0.00011232536127613153
1.7400000000000002,TM12,0.3347378549623198,35786.51888117743,0.16752752278427838,0.16752752278427838,0.9322478214065009,3.2389606768253714,0.07946760034577399,25.39712704895782,0.0,0.05722798596777226
1.7400000000000002,TE13,0.4072971177228144,35454.54403667056,0.11243816640072803,0.11243816640072803,0.06455903617531243,0.2243010653434448,0.10677845880579613,38.12809776408172,0.0,0.00016809698726180213
1.7400000000000002,TM13,0.485411279388828,35019.90771060693,0.06977524771988103,0.06977524771988103,0.9526556154268149,3.309864615472096,0.032562288924960374,55.16092813690324,0.0,0.06507065089867116
1.7400000000000002,TE14,0.5585338982598654,34537.846475642546,0.03346602606606664,0.03346602606606664,0.10647738525817173,0.369940326920885,0.030733364891969723,74.55368976423337,0.0,0.00014877705338264008
1.7400000000000002,TM14,0.6357193302349714,33946.61431042511,0.016763960564851584,0.016763960564851584,0.9827761210589828,3.414513970577587,0.007637042957753742,99.09027007762421,0.0,0.048516870116344125
1.7400000000000002,TE15,0.709193116772911,33301.157981014614,0.005782168188350847,0.005782168188350847,0.17073374447556522,0.5931897848033422,0.005043961250897121,126.8719666952303,0.0,8.999780926595728e-05
1.7400000000000002,TM15,0.7858706096283751,32536.31410718937,0.002428788836913227,0.002428788836913227,1.0253753629527749,3.5625188960794727,0.0010693943088622608,161.2192827976878,0.0,0.025917016443165786
1.7400000000000002,TE16,0.8595830165870509,31707.004680093938,0.0005951491323518055,0.0005951491323518055,0.2596611682701178,0.9021553003541112,0.00048351535970385466,200.33404870888862,0.0,3.946007480610539e-05
1.7400000000000002,TM16,0.9359403154819943,30742.665545652577,0.00021713005731241903,0.00021713005731241903,1.0852003238886188,3.770372099395589,9.113448360068398e-05,248.4712411169408,0.0,0.010359083923127083
1.7400000000000002,TE17,1.0098251367594069,29697.859155468166,3.688760262474949e-05,3.688760262474949e-05,0.3803322594533953,1.3214096125632437,2.7210684666859207e-05,304.15350173497603,0.0,1.2920363884157476e-05
1.7400000000000002,TM17,1.0859621843316567,28493.366753384205,1.2171041672132232e-05,1.2171041672132232e-05,1.170867921990741,4.0680118204648466,4.770089935768241e-06,373.4135604737122,0.0,0.0031836103798568373
1.7400000000000002,TE18,1.1599773171477972,27181.84644935707,1.3792964121593368e-06,1.3792964121593368e-06,0.5467551839326046,1.8996220746714212,8.906260609763683e-07,455.8083972159595,0.0,3.2143097960485767e-06
1.7400000000000002,TM18,1.2359536042171906,25668.91431930271,4.346120314319922e-07,4.346120314319922e-07,1.2997039937810337,4.51563418085377,1.5365203860463958e-07,561.3152559727871,0.0,0.0007695213607166951
1.7400000000000002,TE19,1.3100706532914743,24000.078414306456,3.08814074528421e-08,3.08814074528421e-08,0.7887011711541552,2.7402285320230537,1.6431387297381275e-08,693.1230756522806,0.0,6.14240429237412e-07
1.7400000000000002,TM19,1.3859244472126102,22049.379628862654,1.012263814525856e-08,1.012263814525856e-08,1.5130591068645007,5.256905767237722,3.017193306916411e-09,872.4844322930778,0.0,0.00015045398524118217
1.7400000000000002,"TE1,10",1.4601233703898644,19834.70948437085,4.031593641000774e-10,4.031593641000774e-10,1.1844885888623953,4.115334864162462,1.5629434511810483e-10,1118.8809322883712,0.0,9.082686174394232e-08
1.7400000000000002,"TM1,10",1.5358807342061438,17138.19994000461,1.6254042748872737e-10,1.6254042748872737e-10,1.9466479472873974,6.76334769372167,3.4247322879262776e-11,1504.8554337833064,0.0,2.5226809180209067e-05
1.7400000000000002,"TE1,11",1.6101468641628114,13823.477483045004,2.7722488233136543e-12,2.7722488233136543e-12,2.0657489267505036,7.177146879082468,5.310281207730743e-13,2185.644164487061,0.0,1.0446572035889322e-08
1.7400000000000002,"TM1,11",1.6858263459376348,9028.922036480895,2.407878263949224e-12,2.407878263949224e-12,3.695022686106111,12.837823704665722,1.2527146486225667e-13,4054.7884834374768,0.0,4.864446341513222e-06
1.7600000000000002,TE11,0.08784923322365325,36840.892995829636,0.17640769122741973,0.17640769122741973,0.38742345673942086,1.3460469553745094,0.1293936073095993,1.6652228053528781,0.0,2.433664258245561e-05
1.7600000000000002,TM11,0.18282391732568906,36687.31911443949,0.20220930664903466,0.20220930664903466,0.9250813423932792,3.2140617785044308,0.09647059612651614,7.257418442693529,0.0,0.024842415390333307
1.7600000000000002,TE12,0.2543815366920744,36499.548934191895,0.20391629576820064,0.20391629576820064,0.053255644891169185,0.18502906165147104,0.19541100900125882,14.158771890682901,0.0,0.00010935510765273189
1.7600000000000002,TM12,0.3347378549623198,36213.57339624393,0.16796970446205703,0.16796970446205703,0.9371833835068026,3.256108575907387,0.07936336991750571,24.8070927411678,0.0,0.05599635589626132
1.7600000000000002,TE13,0.4072971177228144,35885.549422302145,0.11427252933725762,0.11427252933725762,0.06371715520980055,0.22137607128151526,0.10859360060672284,37.23007103199565,0.0,0.00016557890097142265
1.7600000000000002,TM13,0.485411279388828,35456.196927359604,0.07195134557709418,0.07195134557709418,0.957202683429025,3.325662747809686,0.033455894456086765,53.83791905013442,0.0,0.06455356204069268
1.7600000000000002,TE14,0.5585338982598654,34980.148708479384,0.035203785295216075,0.035203785295216075,0.10469294959773819,0.3637405624357837,0.032375412263297924,72.72862830883297,0.0,0.0001490459689172308
1.7600000000000002,TM14,0.6357193302349714,34396.51999306087,0.017960039074733654,0.017960039074733654,0.9866921778472202,3.4281197454091976,0.00815633965174375,96.60188216243884,0.0,0.0490403939628414
1.7600000000000002,TE15,0.709193116772911,33759.666576682466,0.0063632844963750525,0.0063632844963750525,0.16755842726449316,0.582157602858854,0.005565005274266701,123.59406145563088,0.0,9.217490789083462e-05
1.7600000000000002,TM15,0.7858706096283751,33005.44955267187,0.002730681216881733,0.002730681216881733,1.0282783860835816,3.5726050314918476,0.0011995283036138969,156.90782136216689,0.0,0.026820807384218964
1.7600000000000002,TE16,0.8595830165870509,32188.229374660805,0.0006926722679118633,0.0006926722679118633,0.2543952386016524,0.8838595867772701,0.0005651215148604499,194.76667530981413,0.0,4.1532955557986695e-05
1.7600000000000002,TM16,0.9359403154819943,31238.74916420521,0.0002587212211083762,0.0002587212211083762,1.086432949409867,3.77465467909264,0.00010848422341519378,241.24027530795692,0.0,0.011026970610418444
1.7600000000000002,TE17,1.0098251367594069,30211.103967089683,4.5909852581384456e-05,4.5909852581384456e-05,0.3717973242690378,1.2917562105314966,3.409810762241655e-05,294.83155000870977,0.0,1.4048230469178488e-05
1.7600000000000002,TM17,1.0859621843316567,29027.916105623877,1.551677033619775e-05,1.551677033619775e-05,1.1691788380771146,4.062143341879572,6.089575200909908e-06,361.23373533854607,0.0,0.003500866327599519
1.7600000000000002,TE18,1.1599773171477972,27741.67876839293,1.8570987021107588e-06,1.8570987021107588e-06,0.5327157782686369,1.8508441833989218,1.2126921551194518e-06,439.84479238670804,0.0,3.6291456700525503e-06
1.7600000000000002,TM18,1.2359536042171906,26261.01915052006,5.980543712031037e-07,5.980543712031037e-07,1.2923659487213823,4.490139201034857,2.126800476293888e-07,539.8728967832382,0.0,0.0008772895868601626
1.7600000000000002,TE19,1.3100706532914743,24632.330957202088,4.555842637924066e-08,4.555842637924066e-08,0.7641197002587986,2.654823754687704,2.4722155817936877e-08,663.7902082403925,0.0,7.239068037025865e-07
1.7600000000000002,TM19,1.3859244472126102,22735.94305301588,1.5136750775855404e-08,1.5136750775855404e-08,1.4927408755090565,5.186313001160098,4.585654816678663e-09,830.4457709591815,0.0,0.00017810238762562547
1.7600000000000002,"TE1,10",1.4601233703898644,20595.23403172852,6.624731989772264e-10,6.624731989772264e-10,1.1342884332565053,3.940921659599881,2.673475122311005e-10,1055.4491585155542,0.0,1.1231674694690192e-07
1.7600000000000002,"TM1,10",1.5358807342061438,18012.93595380419,2.6389469182229767e-10,2.6389469182229767e-10,1.884140329988208,6.546173987562004,5.845386817630288e-11,1398.0325128774698,0.0,3.08206768124292e-05
1.7600000000000002,"TE1,11",1.6101468641628114,14894.176520255487,5.258471458270372e-12,5.258471458270372e-12,1.9063688541772736,6.623403790731318,1.1442453124036622e-12,1970.158924211808,0.0,1.3625195331543642e-08
1.7600000000000002,"TM1,11",1.6858263459376348,10595.725441569724,3.914960488873667e-12,3.914960488873667e-12,3.2030774882566067,11.128631026066977,3.0190081175409167e-13,3310.687008914386,0.0,5.628430654927446e-06
1.78,TE11,0.08784923322365325,37260.57925651357,0.17276860602692518,0.17276860602692518,0.38955610308435884,1.3534565276901709,0.12650834562506233,1.6279441674374713,0.0,2.3545807654853718e-05
1.78,TM11,0.18282391732568906,37108.74228002719,0.19914991211980065,0.19914991211980065,0.9302092757857585,3.2318780439118004,0.0946220416869247,7.0939509457554655,0.0,0.02410139487579896
1.78,TE12,0.2543815366920744,36923.11528297997,0.20231394525002772,0.20231394525002772,0.05310881532437677,0.1845189234863655,0.1938982666977409,13.837445695876319,0.0,0.00010647792867976521
1.78,TM12,0.3347378549623198,36640.445793220184,0.16831273610894915,0.16831273610894915,0.9420982863622254,3.2731846974209917,0.07921337368957888,24.23756463090105,0.0,0.054789468876463375
1.78,TE13,0.4072971177228144,36316.277715939585,0.11601481471109683,0.11601481471109683,0.06290183527273253,0.2185433596842805,0.1103212349593539,36.36381759465089,0.0,0.00016305680742154124
1.78,TM13,0.485411279388828,35892.0781002224,0.07408147116080298,0.07408147116080298,0.9617417198730001,3.341432975655895,0.034321503204463824,52.562839557842175,0.0,0.06400904123748244
1.78,TE14,0.5585338982598654,35421.88833854136,0.036950110508194925,0.036950110508194925,0.1029647256866503,0.3577360975711539,0.034028447215122444,70.97146284972303,0.0,0.00014919263787097702
1.78,TM14,0.6357193302349714,34845.65909024819,0.01918742230884886,0.01918742230884886,0.9906232334192617,3.4417776313531387,0.008686380936713162,94.20917466701081,0.0,0.04951428800143107
1.78,TE15,0.709193116772911,34217.16611833206,0.006976750982838705,0.006976750982838705,0.16448906828889703,0.5714935575302011,0.006116512483991657,120.44689871247611,0.0,9.425723736272239e-05
1.78,TM15,0.7858706096283751,33473.25902828597,0.0030565611725217523,0.0030565611725217523,1.0312390810325702,3.582891539323404,0.0013395037631559919,152.77611059539075,0.0,0.027703568683681516
1.78,TE16,0.8595830165870509,32667.743724912147,0.0008016586883274024,0.0008016586883274024,0.2493217744470467,0.8662325668854364,0.0006566988369047619,189.44308822671323,0.0,4.360654326579561e-05
1.78,TM16,0.9359403154819943,31732.614439167977,0.00030633006378374505,0.00030633006378374505,1.0878066542987257,3.7794274187165984,0.00012830597447915424,234.34502969404124,0.0,0.011704904921955334
1.78,TE17,1.0098251367594069,30721.493660156928,5.668904751532846e-05,5.668904751532846e-05,0.363616738092367,1.2633339430493995,4.238046971058156e-05,285.9716041592684,0.0,1.5220165920842873e-05
1.78,TM17,1.0859621843316567,29558.74292381018,1.9613757274374142e-05,1.9613757274374142e-05,1.167809077333574,4.057384305619992,7.70588220468486e-06,349.7064283163158,0.0,0.0038349456059307415
1.78,TE18,1.1599773171477972,28296.644866299313,2.473984230871477e-06,2.473984230871477e-06,0.5193716788189844,1.8044820333433031,1.6328591483384154e-06,424.81519829024717,0.0,4.077775069672016e-06
1.78,TM18,1.2359536042171906,26846.610523951465,8.139853662191163e-07,8.139853662191163e-07,1.2857857920608917,4.467277395213177,2.909972318474223e-07,519.8258588741058,0.0,0.0009952472674479803
1.78,TE19,1.3100706532914743,25255.71416899345,6.628100710847745e-08,6.628100710847745e-08,0.7411008727846088,2.5748481566723154,3.663568219987751e-08,636.6173563206312,0.0,8.478221862692596e-07
1.78,TM19,1.3859244472126102,23409.87988672179,2.2335138572813137e-08,2.2335138572813137e-08,1.4745490183642977,5.12310801577177,6.865589764277475e-09,792.017825165237,0.0,0.0002096252671211556
1.78,"TE1,10",1.4601233703898644,21336.893743523888,1.0687358235480218e-09,1.0687358235480218e-09,1.088731444064468,3.782640467454058,4.47307644402706e-10,998.5960187191862,0.0,1.378009812352803e-07
1.78,"TM1,10",1.5358807342061438,18856.43740149798,4.224280541058583e-10,4.224280541058583e-10,1.830623818092943,6.360238581107419,9.766273774594358e-11,1305.4693907231517,0.0,3.74718081031515e-05
1.78,"TE1,11",1.6101468641628114,15903.957495456598,9.692079566516035e-12,9.692079566516035e-12,1.775313148402606,6.168069632012323,2.342124664528781e-12,1795.5195747786856,0.0,1.760013930810311e-08
1.78,"TM1,11",1.6858263459376348,11973.669756339876,6.467332494647165e-12,6.467332494647165e-12,2.882915196231924,10.01627329214844,6.443144331534096e-13,2822.850402727312,0.0,6.6907827900921004e-06
1.78,"TE1,12",1.7601486284937378,5556.0375443251505,2.630773054955845e-14,2.630773054955845e-14,6.0707517266838655,21.091951807227524,2.045917910716627e-16,7624.614643854728,0.0,1.773036019835529e-09
1.8,TE11,0.08784923322365325,37680.25400180011,0.1692374808812217,0.1692374808812217,0.3916778365081648,1.3608281846344,0.12371254285671135,1.5919042014770381,0.0,2.278864953729051e-05
1.8,TM11,0.18282391732568906,37530.1149573875,0.19613853024728992,0.19613853024728992,0.9353103936903545,3.249601142771832,0.09281171597908233,6.935958841782796,0.0,0.02338853357234481
1.8,TE12,0.2543815366920744,37346.58240467891,0.20067698160517242,0.20067698160517242,0.0529704287891656,0.18403811941747014,0.19235068985258696,13.526989075795823,0.0,0.00010369085268376763
1.8,TM12,0.3347378549623198,37067.14236402842,0.1685613927742332,0.1685613927742332,0.9469926558145825,3.2901894785854284,0.07902038898537063,23.687595360611216,0.0,0.05360739742485104
1.8,TE13,0.4072971177228144,36746.73866141721,0.11766606539293661,0.11766606539293661,0.06211196717927323,0.21579907684891397,0.11196217427159522,35.52783734526705,0.0,0.0001605352226999656
1.8,TM13,0.485411279388828,36327.565917106374,0.07616322083708114,0.07616322083708114,0.9662722663575019,3.3571737063616975,0.035158305121013055,51.33336120394499,0.0,0.0634397659206043
1.8,TE14,0.5585338982598654,35863.08615522841,0.03870153483498877,0.03870153483498877,0.10129023576538582,0.35191832370869164,0.0356891624709469,69.27878817131379,0.0,0.0001492233849534556
1.8,TM14,0.6357193302349714,35294.06086784348,0.02044376965641755,0.02044376965641755,0.9945676219156532,3.455481840620862,0.009225986079118764,91.90715632268748,0.0,0.04993987869724491
1.8,TE15,0.709193116772911,34673.696547653744,0.007622204859694859,0.007622204859694859,0.16152058874126834,0.5611800032327786,0.006698269493727275,117.42335624576101,0.0,9.624354181487612e-05
1.8,TM15,0.7858706096283751,33939.797363625665,0.00340692719814909,0.00340692719814909,1.0342531935702255,3.5933636388669172,0.0014894519228552529,148.81383754616982,0.0,0.028563815562839313
1.8,TE16,0.8595830165870509,33145.62196106419,0.0009228305149485798,0.0009228305149485798,0.24443043010884552,0.8492382960440804,0.0007589237031221075,184.34848188199533,0.0,4.5675742084001655e-05
1.8,TM16,0.9359403154819943,32224.363364605604,0.0003605086048419365,0.0003605086048419365,1.089311213255798,3.7846547919386353,0.00015081695078947717,227.76370062606628,0.0,0.012391186610957844
1.8,TE17,1.0098251367594069,31229.168221717115,6.947304568043433e-05,6.947304568043433e-05,0.35576832337634173,1.236065757426535,5.2264856570535875e-05,277.54135679306984,0.0,1.6433882477955653e-05
1.8,TM17,1.0859621843316567,30086.04424554917,2.4590617005527606e-05,2.4590617005527606e-05,1.1667329724749294,4.053645534403523,9.669519028033583e-06,338.78186496788635,0.0,0.004185479355280683
1.8,TE18,1.1599773171477972,28847.02559708205,3.262536979997869e-06,3.262536979997869e-06,0.5066696917233806,1.7603508101046872,2.1753060212552562e-06,410.64111364916613,0.0,4.560796789895575e-06
1.8,TM18,1.2359536042171906,27426.10566110299,1.096308309482872e-06,1.096308309482872e-06,1.2798901424493998,4.44679381046513,3.937797009434277e-07,501.0425606037216,0.0,0.0011237584043086984
1.8,TE19,1.3100706532914743,25870.869202544014,9.51581256062602e-08,9.51581256062602e-08,0.7194882598911279,2.4997582485191163,5.351432526602089e-08,611.3722060310797,0.0,9.870263113243409e-07
1.8,TM19,1.3859244472126102,24072.250651320188,3.2537529400880764e-08,3.2537529400880764e-08,1.45821129246345,5.066344942127081,1.0133280844883171e-08,756.7447231563356,0.0,0.00024536017924556405
1.8,"TE1,10",1.4601233703898644,22061.591278320626,1.694393770717238e-09,1.694393770717238e-09,1.047139256169616,3.6381344059099185,7.331636177184615e-10,947.3153359270848,0.0,1.6780029710316046e-07
1.8,"TM1,10",1.5358807342061438,19672.722398942547,6.668141660476443e-10,6.668141660476443e-10,1.7843212302365485,6.199366913876437,1.5998089650860397e-10,1224.3677722708144,0.0,4.532622158804612e-05
1.8,"TE1,11",1.6101468641628114,16863.767050292587,1.7408256143498378e-11,1.7408256143498378e-11,1.6649832167661562,5.784744188024539,4.594950629151267e-12,1650.5513751691828,0.0,2.252588205666793e-08
1.8,"TM1,11",1.6858263459376348,13221.934145318228,1.070699247381472e-11,1.070699247381472e-11,2.6548678457969346,9.223955644895854,1.2801826379053125e-12,2472.6830679467703,0.0,8.056297106099541e-06
1.8,"TE1,12",1.7601486284937378,7894.322536050483,7.063447913360184e-14,7.063447913360184e-14,4.248874479358082,14.762101925478134,2.3594270515467893e-15,5041.857903439377,0.0,2.3967936093870833e-09
1.82,TE11,0.08784923322365325,38099.917612219324,0.16581024662593855,0.16581024662593855,0.3937888100630982,1.3681624579652099,0.12100271627065275,1.557048600786309,0.0,2.206340638457787e-05
1.82,TM11,0.18282391732568906,37951.438828224265,0.19317536210897143,0.19317536210897143,0.9403850881817953,3.267232437291652,0.09103921227134425,6.783199697147214,0.0,0.022702563673201052
1.82,TE12,0.2543815366920744,37769.9536368156,0.19900958496295246,0.19900958496295246,0.052840129362729873,0.18358541284230057,0.1907723601771497,13.226914913004727,0.0,0.00010099097042081415
1.82,TM12,0.3347378549623198,37493.6691116364,0.16872033086669033,0.16872033086669033,0.951866623697168,3.307123377436473,0.0787870937263516,23.15629209485505,0.0,0.05245013791062006
1.82,TE13,0.4072971177228144,37176.94154537488,0.11922752674361727,0.11922752674361727,0.06134650102270047,0.21313957502584802,0.11351743712858564,34.72071871051572,0.0,0.0001580182447544249
1.82,TM13,0.485411279388828,36762.6743570083,0.07819448381706265,0.07819448381706265,0.970793905559917,3.3728834899998277,0.03596563794823297,50.14729753995503,0.0,0.06284825971304547
1.82,TE14,0.5585338982598654,36303.761912439084,0.04045471082717377,0.04045471082717377,0.09966714399681767,0.3462791253189978,0.0373543504244995,67.6474144101167,0.0,0.00014914442828608255
1.82,TM14,0.6357193302349714,35741.75307621001,0.021726685128955394,0.021726685128955394,0.9985238008971736,3.4692270142296304,0.009773964764087007,89.69116583907024,0.0,0.05031857048404334
1.82,TE15,0.709193116772911,35129.2956476002,0.008299150612151186,0.008299150612151186,0.15864823063348202,0.5512004090226854,0.007309936515937432,114.5168060008837,0.0,9.813301409464626e-05
1.82,TM15,0.7858706096283751,34405.1162692658,0.003782181377918143,0.003782181377918143,1.0373167963800207,3.604007685227216,0.0016494592223853582,145.01144690104758,0.0,0.029400231681111364
1.82,TE16,0.8595830165870509,33621.93384687305,0.0010568904663990919,0.0010568904663990919,0.23971160319384754,0.8328434121221591,0.0008724602297385708,179.46920789532018,0.0,4.773567259847111e-05
1.82,TM16,0.9359403154819943,32714.091377751312,0.00042181926085249405,0.00042181926085249405,1.0909372781439555,3.7903043200037825,0.00017623654669296493,221.47631609034732,0.0,0.013084125482702477
1.82,TE17,1.0098251367594069,31734.257959467606,8.452881665223165e-05,8.452881665223165e-05,0.3482317804771099,1.2098811254764268,6.397594013679424e-05,269.5114359998638,0.0,1.7686915972728828e-05
1.82,TM17,1.0859621843316567,30610.002266626332,3.059016768320957e-05,3.059016768320957e-05,1.1659274409330735,4.050846831174507,1.2036415589412784e-05,328.4152244517321,0.0,0.004552017885244113
1.82,TE18,1.1599773171477972,29393.07854268474,4.26098797629096e-06,4.26098797629096e-06,0.4945621673916303,1.7182849620503788,2.8686780640387405e-06,397.25267264919023,0.0,5.07864449432489e-06
1.82,TM18,1.2359536042171906,27999.883073893583,1.4617805298638708e-06,1.4617805298638708e-06,1.274614766764596,4.428465278066114,5.272731361840298e-07,483.4076955490955,0.0,0.001263145343818216
1.82,TE19,1.3100706532914743,26478.369544080077,1.3489895018805063e-07,1.3489895018805063e-07,0.699146718159408,2.4290844938991913,7.710812105743375e-08,587.8552326304789,0.0,1.1425406002147658e-06
1.82,TM19,1.3859244472126102,24723.984950604387,4.6820549875795246e-08,4.6820549875795246e-08,1.443500729502643,5.0152352115705305,1.4754109038266799e-08,724.2459887431068,0.0,0.00028564776952071536
1.82,"TE1,10",1.4601233703898644,22770.946184763598,2.6423733108919082e-09,2.6423733108919082e-09,1.008965919290558,3.5055066494106484,1.1788091798241144e-09,900.8014508946288,0.0,2.02867367615807e-07
1.82,"TM1,10",1.5358807342061438,20465.04793553103,1.03825565101271e-09,1.03825565101271e-09,1.7439059707723321,6.058949920516458,2.572819457419652e-10,1152.6364799283592,0.0,5.454146323724995e-05
1.82,"TE1,11",1.6101468641628114,17781.699006120336,3.053817366486914e-11,3.053817366486914e-11,1.5703715036354648,5.456029428535957,8.694410028402992e-12,1527.9212765654995,0.0,2.8577092961255083e-08
1.82,"TM1,11",1.6858263459376348,14374.342522733312,1.7647906957302396e-11,1.7647906957302396e-11,2.4828371347820344,8.626259736802542,2.4214038675643066e-12,2206.3842797937064,0.0,9.756712412224508e-06
1.82,"TE1,12",1.7601486284937378,9701.675562546992,1.6052519761254e-13,1.6052519761254e-13,3.438349633371839,11.946050181019668,1.0255059750896365e-14,3911.680908809248,0.0,3.205749671417003e-09
1.84,TE11,0.08784923322365325,38519.57045170818,0.1624830147345793,0.1624830147345793,0.3958891736835393,1.3754598686079933,0.11837554229408609,1.5233260042265004,0.0,2.136842505118648e-05
1.84,TM11,0.18282391732568906,38372.71550019178,0.19026048792923067,0.19026048792923067,0.9454337426891956,3.2847732596404513,0.08930407577005096,6.635444381078656,0.0,0.02204228134670599
1.84,TE12,0.2543815366920744,38193.23216819192,0.19731565208531548,0.19731565208531548,0.05271757940110416,0.18315963066556853,0.18916708606365884,12.93676320043694,0.0,9.837543908845031e-05
1.84,TM12,0.3347378549623198,37920.03176658859,0.16879408036238583,0.16879408036238583,0.9567203270805824,3.3239868702061686,0.07851606479642725,22.642812769215137,0.0,0.05131761964497517
1.84,TE13,0.4072971177228144,37606.89522407335,0.12070062180452988,0.12070062180452988,0.06060444230608903,0.2105613989788676,0.11498822431948774,33.94113238539212,0.0,0.00015550958281314344
1.84,TM13,0.485411279388828,37197.416732962054,0.0801734287671065,0.0801734287671065,0.9753062578971405,3.388561007763503,0.036742978329074985,49.00259370299741,0.0,0.062236897151122454
1.84,TE14,0.5585338982598654,36743.93439360125,0.04220642101518794,0.04220642101518794,0.0980932464388314,0.34081084512288223,0.039020914400683386,66.07435060786884,0.0,0.000148961858013011
1.84,TM14,0.6357193302349714,36188.76204966091,0.023033734299816085,0.023033734299816085,1.00249034112861,3.48300818650771,0.010329125024241293,87.55684546017841,0.0,0.05065183049536793
1.84,TE15,0.709193116772911,35583.999190966606,0.009006967007994086,0.009006967007994086,0.15586753155562352,0.5415392708999062,0.007951052935561335,111.7210723820438,0.0,9.992526109608176e-05
1.84,TM15,0.7858706096283751,34869.26456390941,0.0041826275803984484,0.0041826275803984484,1.040426259344606,3.614811066084832,0.001819567161260024,141.3600730507758,0.0,0.030211663843013926
1.84,TE16,0.8595830165870509,34096.745025437805,0.0012045163056428004,0.0012045163056428004,0.23515636757395222,0.8170169025742418,0.0009979550798968064,174.7926643738993,0.0,4.978168917520077e-05
1.84,TM16,0.9359403154819943,33201.887904124866,0.0004908310201704675,0.0004908310201704675,1.0926762868464188,3.7963462550714753,0.00020478463883087975,215.46454689989199,0.0,0.013782052107825418
1.84,TE17,1.0098251367594069,32236.88437123295,0.00010214184310008444,0.00010214184310008444,0.3409884872667811,1.184715347300002,7.775568567858673e-05,261.8550774796494,0.0,1.89766502616794e-05
1.84,TM17,1.0859621843316567,31130.78579941533,3.776979314294446e-05,3.776979314294446e-05,1.1653716664129565,4.048915872716353,1.4868015974016637e-05,318.56603286098886,0.0,0.004934036078879438
1.84,TE18,1.1599773171477972,29935.040536846518,5.513786341390165e-06,5.513786341390165e-06,0.48300627365253995,1.678135674975601,3.7465916919098606e-06,384.587475810471,0.0,5.631584244588739e-06
1.84,TM18,1.2359536042171906,28568.287275892522,1.9304060232130746e-06,1.9304060232130746e-06,1.2699031823184728,4.4120955570583344,6.989387328233158e-07,466.8197574798521,0.0,0.0014136858959769738
1.84,TE19,1.3100706532914743,27078.730388241573,1.8894269937713832e-07,1.8894269937713832e-07,0.6799587790836894,2.362418765421748,1.0967009992631829e-07,565.8940245700287,0.0,1.3153587934715533e-06
1.84,TM19,1.3859244472126102,25365.90265620213,6.658143455737704e-08,6.658143455737704e-08,1.4302264627929264,4.9691156853037945,2.120516126728465e-08,694.2013177684173,0.0,0.000330829004720001
1.84,"TE1,10",1.4601233703898644,23466.34986263543,4.0566899504800724e-09,4.0566899504800724e-09,0.9737662722942361,3.3832105497670883,1.861447368303248e-09,858.4007996004306,0.0,2.43584208774059e-07
1.84,"TM1,10",1.5358807342061438,21236.09598607505,1.5951229780577032e-09,1.5951229780577032e-09,1.7083655446243395,5.935469832831952,4.06674730832182e-10,1088.6776913486176,0.0,6.528615767429946e-05
1.84,"TE1,11",1.6101468641628114,18663.933274378986,5.241594633675161e-11,5.241594633675161e-11,1.4880243379462506,5.169926071262369,1.593935796114079e-11,1422.5934089864875,0.0,3.594956346077743e-08
1.84,"TM1,11",1.6858263459376348,15452.35608854097,2.8859481281941173e-11,2.8859481281941173e-11,2.347800369375376,8.157093960241136,4.411427283220694e-12,1995.569843059385,0.0,1.1837994940237181e-05
1.84,"TE1,12",1.7601486284937378,11237.263654784098,3.368048487615141e-13,3.368048487615141e-13,2.952368310262694,10.257578125544924,3.174099397005503e-14,3244.5861296807484,0.0,4.244441997374123e-09
1.84,"TM1,12",1.835763896270505,2615.268376373769,1.47577433339378e-12,1.47577433339378e-12,13.872030707968444,48.19637111410523,2.235542040623199e-17,18340.07646732077,0.0,7.393993795335171e-06
1.86,TE11,0.08784923322365325,38939.21286850575,0.15925206844871626,0.15925206844871626,0.3979790742522925,1.382720926885881,0.1158278484442335,1.4906878064446234,0.0,2.0702153403670232e-05
1.86,TM11,0.18282391732568906,38793.94651093585,0.18739388030961315,0.18739388030961315,0.9504567322191461,3.302224912724574,0.0876058106821645,6.4924761972017535,0.0,0.02140654332184925
1.86,TE12,0.2543815366920744,38616.42104711548,0.19559881226833273,0.19559881226833273,0.052602458412884134,0.1827596593860869,0.18753841765906243,12.656099242780083,0.0,9.58414853925024e-05
1.86,TM12,0.3347378549623198,38346.23580240675,0.16878703877089768,0.16878703877089768,0.9615539075908612,3.3407804489537627,0.07820977725784362,22.14636263903137,0.0,0.05020971309374529
1.86,TE13,0.4072971177228144,38036.60814832369,0.12208692821256238,0.12208692821256238,0.05988484837208065,0.20806127358086043,0.11637589644525283,33.18782558448774,0.0,0.0001530125852611769
1.86,TM13,0.485411279388828,37631.80573185851,0.08209848984291862,0.08209848984291862,0.9798089784836426,3.4042050613976635,0.037489932841844494,47.89731688732302,0.0,0.06160790879275999
1.86,TE14,0.5585338982598654,37183.62147177123,0.043953586473262495,0.043953586473262495,0.09656646185989591,0.33550625218138896,0.04068587801831967,64.55678973592268,0.0,0.0001486816185747476
1.86,TM14,0.6357193302349714,36635.11279799301,0.024362460242149653,0.024362460242149653,1.0064659173358468,3.4968207529812205,0.010890280552780632,85.5001170094268,0.0,0.05094117466796907
1.86,TE15,0.709193116772911,36037.8410765324,0.009744914835728478,0.009744914835728478,0.15317430181247502,0.5321820323723293,0.00862104366517219,109.03039468883271,0.0,0.00010162026963101771
1.86,TM15,0.7858706096283751,35332.288381346065,0.004608470647112401,0.004608470647112401,1.0435782229943453,3.6257621094467627,0.0019997726052934693,137.8514793402688,0.0,0.030997115884903247
1.86,TE16,0.8595830165870509,34570.11733223379,0.0013663555954000232,0.0013663555954000232,0.23075641361004318,0.8017298967570095,0.0011360324841861215,170.30719771058875,0.0,5.1809393621819246e-05
1.86,TM16,0.9359403154819943,33687.83684703971,0.0005681154984460094,0.0005681154984460094,1.0945203832846586,3.802753302329275,0.00023667986176666137,209.71154088864586,0.0,0.014483327471498882
1.86,TE17,1.0098251367594069,32737.160918426278,0.00012261527805380125,0.00012261527805380125,0.33402132441219357,1.1605089442418526,9.386284052068364e-05,254.54783996024628,0.0,2.030034153315252e-05
1.86,TM17,1.0859621843316567,31648.55155490963,4.630165901822526e-05,4.630165901822526e-05,1.1650468267230674,4.047787264037776,1.8231307909196436e-05,309.19764434404317,0.0,0.005330939260929133
1.86,TE18,1.1599773171477972,30473.129852007944,7.072161285000118e-06,7.072161285000118e-06,0.47196338268957566,1.6397687420998033,4.848141448734387e-06,372.5896076326283,0.0,6.219713916007656e-06
1.86,TM18,1.2359536042171906,29131.63278830447,2.525845644693034e-06,2.525845644693034e-06,1.2657055101550592,4.39751135019906,9.176047903342582e-07,451.189008438812,0.0,0.0015756109982413176
1.86,TE19,1.3100706532914743,27672.416419130637,2.616063361828118e-07,2.616063361828118e-07,0.6618217627656541,2.2994043165808526,1.5406636173627077e-07,545.3387602628442,0.0,1.5064378845929392e-06
1.86,TM19,1.3859244472126102,25998.73090361558,9.36128506393267e-08,9.36128506393267e-08,1.4182267208820554,4.927424311734559,3.0101839730728764e-08,666.3389419363083,0.0,0.0003812423552680918
1.86,"TE1,10",1.4601233703898644,24149.0075760952,6.135946868067123e-09,6.135946868067123e-09,0.9411731032749512,3.269970282144565,2.8899116258241024e-09,819.5770336350729,0.0,2.905590870139989e-07
1.86,"TM1,10",1.5358807342061438,21988.10505169753,2.4189842071686135e-09,2.4189842071686135e-09,1.6769123453237538,5.826190225676371,6.324322534331884e-10,1031.2471185025956,0.0,7.77394201376339e-05
1.86,"TE1,11",1.6101468641628114,19515.31184237558,8.815979427361115e-11,8.815979427361115e-11,1.4154711882202142,4.917850610696625,2.8410933721430532e-11,1330.98104214829,0.0,4.4860937643820674e-08
1.86,"TM1,11",1.6858263459376348,16470.588930629125,4.673210107760602e-11,4.673210107760602e-11,2.238666640759184,7.777924551220824,7.7951208441409e-12,1823.6719520514246,0.0,1.4356271108690969e-05
1.86,"TE1,12",1.7601486284937378,12600.836697688972,6.707412976678759e-13,6.707412976678759e-13,2.6187363935307193,9.09842212215691,8.254919349032578e-14,2793.4805854518863,0.0,5.5654062417193225e-09
1.86,"TM1,12",1.835763896270505,6272.528972842945,1.1777575813973123e-12,1.1777575813973123e-12,5.878361763389992,20.423520611770737,1.0683261213984557e-14,6957.923642265442,0.0,4.196538106138364e-06
1.88,TE11,0.08784923322365325,39358.845195990965,0.1561138543514254,0.1561138543514254,0.40005865566673243,1.3899461327495597,0.11335660568051965,1.4590879822302827,0.0,2.0063133243243974e-05
1.88,TM11,0.18282391732568906,39215.13333187239,0.18457541622407045,0.18457541622407045,0.9554544235744362,3.319588670947439,0.08594388653330257,6.354090080658283,0.0,0.020794263649028918
1.88,TE12,0.2543815366920744,39039.52318908724,0.1938624426240955,0.1938624426240955,0.05249446201406882,0.18238444146551958,0.18588966138185156,12.384511996137224,0.0,9.338640779886034e-05
1.88,TM12,0.3347378549623198,38772.28644994977,0.16870346664512617,0.16870346664512617,0.9663675107928107,3.3575046194231906,0.07787060429601184,21.666191100685168,0.0,0.04912623728907065
1.88,TE13,0.4072971177228144,38466.08838668551,0.12338815680091814,0.12338815680091814,0.05918682510427453,0.20563609235327426,0.11768195308388352,32.45961676113592,0.0,0.0001505302659788486
1.88,TM13,0.485411279388828,38065.85345140072,0.08396835235445858,0.08396835235445858,0.9843017543571376,3.419814563559959,0.03820622905865121,46.829647621785746,0.0,0.06096338660552343
1.88,TE14,0.5585338982598654,37622.8401652393,0.045693273535819506,0.045693273535819506,0.09508482331548096,0.3303585126292723,0.04234639277710076,63.09209504022344,0.0,0.00014830949426295015
1.88,TM14,0.6357193302349714,37080.829090850275,0.025710398393799763,0.025710398393799763,1.0104492998305643,3.510660441275347,0.01145625738197726,83.51716015477086,0.0,0.051188155158201645
1.88,TE15,0.709193116772911,36490.85345399012,0.010512145218939976,0.010512145218939976,0.15056460367722993,0.5231150123757681,0.009319226142151724,106.43939322335464,0.0,0.00010321837312637222
1.88,TM15,0.7858706096283751,35794.23135933749,0.005059816519654494,0.005059816519654494,1.046769574732152,3.6368500010430966,0.0021900285098025666,134.4780036289498,0.0,0.03175574191284665
1.88,TE16,0.8595830165870509,35042.10907904358,0.0015430208201750299,0.0015430208201750299,0.22650399472356733,0.7869554802999084,0.0012872895331815743,166.00201526493473,0.0,5.381464543190432e-05
1.88,TM16,0.9359403154819943,34172.01702820516,0.0006542429318991066,0.0006542429318991066,1.096462347026878,3.809500375427691,0.0002721378829233227,204.20177688672678,0.0,0.015186351556093332
1.88,TE17,1.0098251367594069,33235.19371603111,0.00014626886591623554,0.00014626886591623554,0.327314522506835,1.1372071277721292,0.0001125722071971793,247.5673573383656,0.0,2.1655142192052033e-05
1.88,TM17,1.0859621843316567,32163.445273585818,5.637277321451947e-05,5.637277321451947e-05,1.164935860171858,4.047401726750848,2.2198786148426037e-05,300.2767954332061,0.0,0.005742069415990571
1.88,TE18,1.1599773171477972,31007.548102365574,8.994664667127432e-06,8.994664667127432e-06,0.4613985512242237,1.6030627580386818,6.21840066459279e-06,361.208806839839,0.0,6.842964389415391e-06
1.88,TM18,1.2359536042171906,29690.20756505069,3.275839810973927e-06,3.275839810973927e-06,1.261977527966972,4.3845590134557,1.1936218361631181e-06,436.4357993214791,0.0,0.0017491029302883485
1.88,TE19,1.3100706532914743,28259.84831553326,3.5825045557989536e-07,3.5825045557989536e-07,0.6446454498229381,2.239727693137133,2.1390157483219597e-07,526.0585711635431,0.0,1.7166894841165426e-06
1.88,TM19,1.3859244472126102,26623.11786665478,1.3018970218993965e-07,1.3018970218993965e-07,1.407363408913451,4.889681300189292,4.2228776966248555e-08,640.4266230807148,0.0,0.0004372209715698015
1.88,"TE1,10",1.4601233703898644,24819.971056660812,9.150263349425938e-09,9.150263349425938e-09,0.9108803465191593,3.1647224653391417,4.4153114846458604e-09,783.8854269227894,0.0,3.444229758183619e-07
1.88,"TM1,10",1.5358807342061438,22722.965477852213,3.6223339129746077e-09,3.6223339129746077e-09,1.6489235250695844,5.72894710414543,9.684869461711512e-10,979.3597012562274,0.0,9.209012469045172e-05
1.88,"TE1,11",1.6101468641628114,20339.709748379933,1.4548727084297288e-10,1.4548727084297288e-10,1.350891051922064,4.693476236017853,4.937161952848199e-11,1250.4520055002106,0.0,5.5551216732335754e-08
1.88,"TM1,11",1.6858263459376348,17439.515362100512,7.485278500898934e-11,7.485278500898934e-11,2.1484809225265034,7.464587273021346,1.3419898658952466e-11,1680.2894520376499,0.0,1.7376326959681732e-05
1.88,"TE1,12",1.7601486284937378,13843.319032118063,1.284156817387162e-12,1.284156817387162e-12,2.3710253160587924,8.237785689737976,1.926812667026809e-13,2463.403576290361,0.0,7.230038309028233e-09
1.88,"TM1,12",1.835763896270505,8497.118103117742,1.6298038169525472e-12,1.6298038169525472e-12,4.409554235909117,15.320360578467513,4.787395119621234e-14,4852.808189030184,0.0,4.173967230732878e-06
1.9000000000000001,TE11,0.08784923322365325,39778.46775346733,0.15306497437054775,0.15306497437054775,0.40212805890459513,1.3971359760058517,0.11095892116383754,1.428482923802633,0.0,1.9449993785383907e-05
1.9000000000000001,TM11,0.18282391732568906,39636.27737172335,0.18180488789564536,0.18180488789564536,0.9604271755681899,3.3368657809535236,0.08431774381662187,6.220091855195087,0.0,0.02020441063005127
1.9000000000000001,TE12,0.2543815366920744,39462.54138398768,0.19210968273155246,0.19210968273155246,0.05239330095733965,0.18203297195575174,0.18422389386601498,12.121612533901143,0.0,9.100757808704722e-05
1.9000000000000001,TM12,0.3347378549623198,39198.18871081441,0.16854748444943538,0.16854748444943538,0.9711612856321911,3.374159899105027,0.07750081778810078,21.20158876094902,0.0,0.04806696651167005
1.9000000000000001,TE13,0.4072971177228144,38895.34364707376,0.12460613184097812,0.12460613184097812,0.05850952387642795,0.20328290686655373,0.1189080134822005,31.755390751026066,0.0,0.00014806532916843135
1.9000000000000001,TM13,0.485411279388828,38499.571434435165,0.08578193824575578,0.08578193824575578,0.9887843019455482,3.4353885290200825,0.03889170671161442,45.7978717753898,0.0,0.06030528954513446
1.9000000000000001,TE14,0.5585338982598654,38061.60668903512,0.047422698815510846,0.047422698815510846,0.09364647041229217,0.325361162798197,0.04399974399958571,61.67778757354014,0.0,0.0001478510977048412
1.9000000000000001,TM14,0.6357193302349714,37525.933535576536,0.027075090302906175,0.027075090302906175,1.0144393469097344,3.52452328470749,0.012025899920329701,81.60439265800392,0.0,0.051394349006815505
1.9000000000000001,TE15,0.709193116772911,36943.06683874855,0.011307708362824553,0.011307708362824553,0.14803473253444038,0.5143253397578499,0.010044817834204344,103.94303865595593,0.0,0.0001047202193816449
1.9000000000000001,TM15,0.7858706096283751,36255.13481229161,0.005536673240691268,0.005536673240691268,1.0499974275016408,3.6480647102125783,0.002390245021910662,131.23250940797212,0.0,0.032486839046997076
1.9000000000000001,TE16,0.8595830165870509,35512.775311981015,0.0017350849231686641,0.0017350849231686641,0.22239187953147205,0.7726685288048882,0.0014522917930982987,161.86710754012705,0.0,5.579356889560176e-05
1.9000000000000001,TM16,0.9359403154819943,34654.50258519957,0.0007497781638361034,0.0007497781638361034,1.0984955311661215,3.816564380646625,0.00031136970128680405,198.9209357627694,0.0,0.01588957087160946
1.9000000000000001,TE17,1.0098251367594069,33731.08214975875,0.0001734376398467284,0.0001734376398467284,0.32085352788395494,1.1147593332735422,0.00013417370788672907,240.89312209749298,0.0,2.303812406479707e-05
1.9000000000000001,TM17,1.0859621843316567,32675.602726171855,6.818488395204113e-05,6.818488395204113e-05,1.1650232642624982,4.047705399664935,2.6848347835712196e-05,291.7732207235547,0.0,0.006166711649208938
1.9000000000000001,TE18,1.1599773171477972,31538.481906587935,1.1347683593851526e-05,1.1347683593851526e-05,0.45128007757887656,1.5679075798830198,7.908906839256591e-06,350.3997620586829,0.0,7.5011023881772635e-06
1.9000000000000001,TM18,1.2359536042171906,30244.275936240443,4.21263797312669e-06,4.21263797312669e-06,1.2586798829412136,4.373101821152,1.5390189101121846e-06,422.48917304862,0.0,0.001934294075735817
1.9000000000000001,TE19,1.3100706532914743,28841.40822617037,4.854633384944938e-07,4.854633384944938e-07,0.6283501879781078,2.1831121547341055,2.9366028957186475e-07,507.9385933046259,0.0,1.946971727566619e-06
1.9000000000000001,TM19,1.3859244472126102,27239.64402471979,1.7916863554665845e-07,1.7916863554665845e-07,1.3975178700636308,4.855474394638564,5.857530341496258e-08,616.264603693136,0.0,0.0004990898956071984
1.9000000000000001,"TE1,10",1.4601233703898644,25480.164145961466,1.346221363278167e-08,1.346221363278167e-08,0.8826305149031977,3.0665724974550765,6.644452917706997e-09,750.9537840939807,0.0,4.058256137762364e-07
1.9000000000000001,"TM1,10",1.5358807342061438,23442.29002805236,5.358367713239237e-09,5.358367713239237e-09,1.6238993783848557,5.642004313589307,1.4616119395698688e-09,932.2242922370965,0.0,0.00010853603104289354
1.9000000000000001,"TE1,11",1.6101468641628114,21140.283685419203,2.358395019809074e-10,2.358395019809074e-10,1.2929076533944335,4.492021275837476,8.383288681550971e-11,1179.0257525395637,0.0,6.828301584221315e-08
1.9000000000000001,"TM1,11",1.6858263459376348,18366.940347172673,1.18527833803137e-10,1.18527833803137e-10,2.072634512999689,7.201069855983987,2.2579450145027897e-11,1558.5225075711503,0.0,2.0971009762173884e-05
1.9000000000000001,"TE1,12",1.7601486284937378,14994.841895687394,2.3805311982863322e-12,2.3805311982863322e-12,2.1774311846771806,7.565170785834879,4.170199183883309e-13,2209.0618915673367,0.0,9.309450503452748e-09
1.9000000000000001,"TM1,12",1.835763896270505,10266.879648169202,2.478595156919915e-12,2.478595156919915e-12,3.707844391914794,12.882370873316106,1.2763462579636082e-13,3840.7821022592702,0.0,4.6090045035605175e-06
1.9200000000000002,TE11,0.08784923322365325,40198.08084689844,0.15010217818750954,0.15010217818750954,0.4041874220892437,1.4042909365444722,0.10863203139920591,1.3988312899498407,0.0,1.8861445647711785e-05
1.9200000000000002,TM11,0.18282391732568906,40057.37997982808,0.17908201264884094,0.17908201264884094,0.9653753392332725,3.35405746235592,0.08272679903522699,6.0902975451493155,0.0,0.01963600391034863
1.9200000000000002,TE12,0.2543815366920744,39885.47830279942,0.19034344864073424,0.19034344864073424,0.05229870022971242,0.18170429536381144,0.18254397531288463,11.86703262794967,0.0,8.870244230474031e-05
1.9200000000000002,TM12,0.3347378549623198,39623.94736985149,0.1683230706078051,0.1683230706078051,0.9759353839310586,3.3907468154831215,0.07710258939673291,20.751884732381818,0.0,0.04703163630796373
1.9200000000000002,TE13,0.4072971177228144,39324.38129690159,0.1257427728620545,0.1257427728620545,0.05785213872801936,0.2009989169270417,0.12005579872414848,31.074094301384058,0.0,0.0001456201927017711
1.9200000000000002,TM13,0.485411279388828,38932.97070087664,0.08753839154302223,0.08753839154302223,0.9932563647518414,3.450926066616066,0.03954630903452788,44.80037322146495,0.0,0.05963544924680269
1.9200000000000002,TE14,0.5585338982598654,38499.9365026872,0.04913923267112474,0.04913923267112474,0.09224964219525537,0.3205080845035903,0.04564335525951282,60.31153479677149,0.0,0.00014731186094651453
1.9200000000000002,TM14,0.6357193302349714,37970.4476491475,0.02845409622754228,0.02845409622754228,1.018434997948269,3.538405598288662,0.012598076350767425,79.75845240047383,0.0,0.05156134798136309
1.9200000000000002,TE15,0.709193116772911,37394.51021757586,0.01213056259781231,0.01213056259781231,0.1455811997121239,0.5058008936306454,0.01079694412609301,101.53662428974349,0.0,0.00010612673956698073
1.9200000000000002,TM15,0.7858706096283751,36715.037889366016,0.006038952756655845,0.006038952756655845,1.0532591006105816,3.6593969232764594,0.002600290921794515,128.10834182222862,0.0,0.033189839810273625
1.9200000000000002,TE16,0.8595830165870509,35982.1680464003,0.0019430772961631245,0.0019430772961631245,0.21841330887026814,0.7588455585327041,0.0016315692869058713,157.89317866806024,0.0,5.7742557363388716e-05
1.9200000000000002,TM16,0.9359403154819943,35135.36333080599,0.0008552766772593507,0.0008552766772593507,1.1006138073518161,3.823924025915379,0.0003545799926856916,193.85578623886067,0.0,0.016591484961231
1.9200000000000002,TE17,1.0098251367594069,34224.919429472975,0.0002044704120290599,0.0002044704120290599,0.31462488446012293,1.0931188095238362,0.00015897125075221765,234.50629546485166,0.0,2.444630070783022e-05
1.9200000000000002,TM17,1.0859621843316567,33185.15060202006,8.195421161196408e-05,8.195421161196408e-05,1.1652949215619364,4.048649233793852,3.226311925344515e-05,283.65932020191036,0.0,0.006604100789574157
1.9200000000000002,TE18,1.1599773171477972,32066.104346058586,1.4205912616421016e-05,1.4205912616421016e-05,0.44157912248608916,1.5342030097551091,9.978122649879819e-06,340.1215111846365,0.0,8.193734813405348e-06
1.9200000000000002,TM18,1.2359536042171906,30794.081149915735,5.373428549661719e-06,5.373428549661719e-06,1.2557774336642724,4.363017679512162,1.9676584298184986e-06,409.285695929589,0.0,0.002131266217734006
1.9200000000000002,TE19,1.3100706532914743,29417.44440682689,6.512627238486925e-07,6.512627238486925e-07,0.6128653403394095,2.1293122836733116,3.9886414021209323e-07,490.8775586605403,0.0,2.1980818242837737e-06
1.9200000000000002,TM19,1.3859244472126102,27848.831457596123,2.441007855250971e-07,2.441007855250971e-07,1.3885875354595436,4.824447234317726,8.037564175792295e-08,593.6800312118929,0.0,0.0005671633467769482
1.9200000000000002,"TE1,10",1.4601233703898644,26130.403209006992,1.9552385109894646e-08,1.9552385109894646e-08,0.8562051597301567,2.9747614099831945,9.856519867648969e-09,720.4679864291362,0.0,4.7543122316224117e-07
1.9200000000000002,"TM1,10",1.5358807342061438,24147.46712844778,7.833184551175374e-09,7.833184551175374e-09,1.6014338658565026,5.563951128595772,2.1754206456704024e-09,889.1973633735291,0.0,0.0001272827772524137
1.9200000000000002,"TE1,11",1.6101468641628114,21919.64418644026,3.759065947600091e-10,3.759065947600091e-10,1.2404584942779033,4.309794232759279,1.39347929969347e-10,1115.1801037690204,0.0,8.334155626286804e-08
1.9200000000000002,"TM1,11",1.6858263459376348,19258.860419992205,1.854991111802907e-10,1.854991111802907e-10,2.007938454843367,6.976292727518528,3.7214531870566686e-11,1453.5916552802173,0.0,2.522096843261038e-05
1.9200000000000002,"TE1,12",1.7601486284937378,16074.964710281785,4.292373500749549e-12,4.292373500749549e-12,2.020553509324388,7.020121915918658,8.524821879564552e-13,2005.768133509092,0.0,1.188530553888952e-08
1.9200000000000002,"TM1,12",1.835763896270505,11788.469988515635,3.891471413966394e-12,3.891471413966394e-12,3.2803786014527545,11.3972026013155,2.8209382812577023e-13,3220.2597057887497,0.0,5.30554899196267e-06
1.9400000000000002,TE11,0.08784923322365325,40617.684769597705,0.14722235603538472,0.14722235603538472,0.40623688055426543,1.4114114845624632,0.10637329574428353,1.3700938660446462,0.0,1.8296275302519296e-05
1.9400000000000002,TM11,0.18282391732568906,40478.44244924645,0.17640644183224477,0.17640644183224477,0.9702992580268649,3.371164908447095,0.08117044919884116,5.964532737728571,0.0,0.01908811172673628
1.9400000000000002,TE12,0.2543815366920744,40308.33650390089,0.18856644623163663,0.18856644623163663,0.052210398213052525,0.18139750273520086,0.18085256224825152,11.62042343532424,0.0,8.646852121212111e-05
1.9400000000000002,TM12,0.3347378549623198,40049.56700686522,0.16803406057862424,0.16803406057862424,0.9806899599311742,3.40726590444824,0.07667799210459082,20.316444134932418,0.0,0.046019948902347715
1.9400000000000002,TE13,0.4072971177228144,39753.208381874414,0.12680007798395965,0.12680007798395965,0.057213903746823176,0.1987814614831127,0.12112711532245728,30.414731950827846,0.0,0.0001431970100342234
1.9400000000000002,TM13,0.485411279388828,39366.06177742377,0.08923706390493376,0.08923706390493376,0.9977177112358511,3.4664263718949773,0.04017007433678666,43.8356270984724,0.0,0.05895557576523953
1.9400000000000002,TE14,0.5585338982598654,38937.84435455527,0.050840401273903914,0.050840401273903914,0.09089267059916949,0.3157934822933539,0.04727479142996676,58.991140144375166,0.0,0.0001466970288335372
1.9400000000000002,TM14,0.6357193302349714,38414.391924710675,0.029845006582122656,0.029845006582122656,1.0224352671128314,3.5523039568830392,0.01317168340108299,77.97618100194713,0.0,0.05169074952400786
1.9400000000000002,TE15,0.709193116772911,37845.211145943045,0.01297958359630712,0.01297958359630712,0.14320071682706006,0.49753024898065856,0.011574646469243806,99.21574090883927,0.0,0.00010743911860030353
1.9400000000000002,TM15,0.7858706096283751,37173.97771945058,0.006566473445113694,0.006566473445113694,1.0565521024598912,3.670837983532879,0.002819995361450704,125.09928803131032,0.0,0.03386430428386272
1.9400000000000002,TE16,0.8595830165870509,36450.33648113577,0.0021674802506120323,0.0021674802506120323,0.2145619571278419,0.7454645920558706,0.0018256128745516172,154.07158418215693,0.0,5.9658274950203986e-05
1.9400000000000002,TM16,0.9359403154819943,35614.66507853713,0.0009712807229537624,0.0009712807229537624,1.1028115170281727,3.8315596513975154,0.00040196552247114914,188.9940835310777,0.0,0.017290651920634354
1.9400000000000002,TE17,1.0098251367594069,34716.79308666834,0.00023972807669220993,0.00023972807669220993,0.3086161293845326,1.0722422561443399,0.00018728141219464013,228.38954051073117,0.0,2.5876648642636735e-05
1.9400000000000002,TM17,1.0859621843316567,33692.207300017886,9.791101366604814e-05,9.791101366604814e-05,1.1657379485333705,4.050188467146078,3.853121467302764e-05,275.9098702498235,0.0,0.007053428044593916
1.9400000000000002,TE18,1.1599773171477972,32590.57624837191,1.7652775470566507e-05,1.7652775470566507e-05,0.4322693830391177,1.5018576619968953,1.2491863533411035e-05,330.33692692235894,0.0,8.920314419488991e-06
1.9400000000000002,TM18,1.2359536042171906,31339.847576786677,6.800762574314527e-06,6.800762574314527e-06,1.2532386968814055,4.3541972045057316,2.495386910853101e-06,396.7684745355678,0.0,0.0023400503475379136
1.9400000000000002,TE19,1.3100706532914743,29988.275170429137,8.65314401940824e-07,8.65314401940824e-07,0.5981280046366962,2.0781095350841583,5.36244657578465e-07,474.78581350835566,0.0,2.470749326900584e-06
1.9400000000000002,TM19,1.3859244472126102,28451.151572866456,3.2935808315889387e-07,3.2935808315889387e-07,1.3804832509825886,4.7962900660928005,1.0915391569181618e-07,572.5225057728095,0.0,0.0006417421178533912
1.9400000000000002,"TE1,10",1.4601233703898644,26771.413562490663,2.8050179757111576e-08,2.8050179757111576e-08,0.8314175311262216,2.888640367405945,1.4423531654544798e-08,692.1609016187998,0.0,5.53913953130615e-07
1.9400000000000002,"TM1,10",1.5358807342061438,24839.701708919372,1.132083041548315e-08,1.132083041548315e-08,1.5811933075770246,5.493628226424423,3.195328125620794e-09,849.7495204591876,0.0,0.00014854274926609558
1.9400000000000002,"TE1,11",1.6101468641628114,22679.978252387504,5.896655375817959e-10,5.896655375817959e-10,1.1927081987658428,4.143892713958179,2.2709965539433505e-10,1057.7236517236656,0.0,1.0103438171309419e-07
1.9400000000000002,"TM1,11",1.6858263459376348,20119.997936017993,2.86911722051585e-10,2.86911722051585e-10,1.9521078269501024,6.78231725859662,6.018892216651451e-11,1362.0687028446025,0.0,3.021451053019201e-05
1.9400000000000002,"TE1,12",1.7601486284937378,17097.22500014054,7.552004120387872e-12,7.552004120387872e-12,1.8899593253713756,6.566391248243047,1.665033950887865e-12,1838.776384300455,0.0,1.5050611865900767e-08
1.9400000000000002,"TM1,12",1.835763896270505,13148.332097219016,6.1753318323510054e-12,6.1753318323510054e-12,2.9871807327739135,10.378528869531381,5.659882463750602e-13,2791.746424467277,0.0,6.2308341781150015e-06
1.9600000000000002,TE11,0.08784923322365325,41037.27980287581,0.14442253186700768,0.14442253186700768,0.4082765669072809,1.418498080785887,0.10418019026445977,1.3422334340492932,0.0,1.7753339954192605e-05
1.9600000000000002,TM11,0.18282391732568906,40899.46601966909,0.17377776889420082,0.17377776889420082,0.9751992680301256,3.38818928689259,0.07964807582807228,5.842631991421922,0.0,0.01855984830373645
1.9600000000000002,TE12,0.2543815366920744,40731.11843896284,0.18678118393118284,0.18678118393118284,0.05212814590244405,0.18111172893823246,0.17915211968463068,11.381454281487578,0.0,8.430341029283199e-05
1.9600000000000002,TM12,0.3347378549623198,40475.05200755764,0.16768414681514102,0.16768414681514102,0.9854251698808913,3.423717708862765,0.07622900211399763,19.894665785870323,0.0,0.04503157805951718
1.9600000000000002,TE13,0.4072971177228144,40181.83164354059,0.12778010868958214,0.12778010868958214,0.056594090641017974,0.19662801018981257,0.12212384017185277,29.776362228537348,0.0,0.0001407976907353937
1.9600000000000002,TM13,0.485411279388828,39798.85472524372,0.09087750038622731,0.09087750038622731,1.002168132874411,3.4818887203731315,0.04076312785440457,42.902193611994704,0.0,0.058267263309190395
1.9600000000000002,TE14,0.5585338982598654,39375.34432302378,0.052523887416360715,0.052523887416360715,0.08957397441309789,0.3112118624780118,0.048891760482519975,57.7145334605555,0.0,0.00014601165441080244
1.9600000000000002,TM14,0.6357193302349714,38857.78589320789,0.031245452238571107,0.031245452238571107,1.02643923763323,3.5662151753047393,0.013745650504426015,76.25460887067273,0.0,0.05178414873092787
1.9600000000000002,TE15,0.709193116772911,38295.19583783481,0.013853573649780078,0.013853573649780078,0.14089018148815846,0.4895026269972391,0.012376890685049125,96.97625393391567,0.0,0.00010865876700255346
1.9600000000000002,TM15,0.7858706096283751,37631.98954431346,0.007118963286653273,0.007118963286653273,1.0598741149609916,3.682379837117211,0.003049149859106542,122.19954141718979,0.0,0.034509912136541025
1.9600000000000002,TE16,0.8595830165870509,36917.327194220416,0.00240872598864819,0.00240872598864819,0.21083189738023178,0.7325050371314185,0.00203487105735046,150.39427519890143,0.0,6.153765596119242e-05
1.9600000000000002,TM16,0.9359403154819943,36092.469938111484,0.0010983155882154467,0.0010983155882154467,1.1050834280739268,3.8394530788418835,0.0004537136441456682,184.32447915782618,0.0,0.01798569297817783
1.9600000000000002,TE17,1.0098251367594069,35206.78542269447,0.0002795817485064821,0.0002795817485064821,0.30281570061924235,1.0520895025008323,0.0002194319519542443,222.52687500052568,0.0,2.732612737692941e-05
1.9600000000000002,TM17,1.0859621843316567,34196.8836346894,0.00011629898494627611,0.00011629898494627611,1.1663405638545097,4.052282167215527,4.574542929049658e-05,268.50177172962407,0.0,0.007513847624215876
1.9600000000000002,TE18,1.1599773171477972,33112.04732084763,2.1780786906417348e-05,2.1780786906417348e-05,0.4233268111682099,1.4707879850564274,1.5523683068078923e-05,321.01227430635055,0.0,9.680146665419146e-06
1.9600000000000002,TM18,1.2359536042171906,31881.782630733353,8.542964029058549e-06,8.542964029058549e-06,1.2510353799864389,4.346542097550786,3.140178732870539e-06,384.8863243432556,0.0,0.002560626958562367
1.9600000000000002,TE19,1.3100706532914743,30554.19227003859,1.1391662707222261e-06,1.1391662707222261e-06,0.5840819490748073,2.0293085396998793,7.13931038610834e-07,459.5836772899779,0.0,2.7656301837189067e-06
1.9600000000000002,TM19,1.3859244472126102,29047.03157638196,4.402731938137608e-07,4.402731938137608e-07,1.373127125388413,4.770732268062898,1.467739618651284e-07,552.6604937329735,0.0,0.0007231111132935484
1.9600000000000002,"TE1,10",1.4601233703898644,27403.8428274397,3.9770481460180125e-08,3.9770481460180125e-08,0.8081068623987079,2.807650809023274,2.0835108560375275e-08,665.8037706789762,0.0,6.419531149138585e-07
1.9600000000000002,"TM1,10",1.5358807342061438,25520.04699378905,1.618162265156657e-08,1.618162265156657e-08,1.5629007015723342,5.430073203644685,4.634626590774198e-09,813.4408413046622,0.0,0.00017253384110847838
1.9600000000000002,"TE1,11",1.6101468641628114,23423.138797050226,9.110627520739469e-10,9.110627520739469e-10,1.1489894597029544,3.991998256911934,3.6336949522806474e-10,1005.7090060519129,0.0,1.2169079245663608e-07
1.9600000000000002,"TM1,11",1.6858263459376348,20954.148384567616,4.3860343178125176e-10,4.3860343178125176e-10,1.9034577073468337,6.6132894306955565,9.566279869115674e-11,1281.4230078633723,0.0,3.604747722186925e-05
1.9600000000000002,"TE1,12",1.7601486284937378,18071.444886409612,1.2995366480672351e-11,1.2995366480672351e-11,1.7789595354137244,6.180738478074823,3.1312279409898417e-12,1698.6684562009805,0.0,1.8910463571332306e-08
1.9600000000000002,"TM1,12",1.835763896270505,14392.381822195697,9.811041391127118e-12,9.811041391127118e-12,2.771283808233855,9.628426125630341,1.068741061189147e-12,2473.962072099359,0.0,7.391985085723392e-06
1.9800000000000002,TE11,0.08784923322365325,41456.866216648734,0.1416998568751736,0.1416998568751736,0.4103066110928621,1.4255511766884286,0.10205030191646856,1.3152146517009997,0.0,1.7231562805547495e-05
1.9800000000000002,TM11,0.18282391732568906,41320.4518801484,0.17119553668787524,0.17119553668787524,0.9800756981429148,3.40513174040756,0.07815904851491312,5.724438286758928,0.0,0.01805037139156063
1.9800000000000002,TE12,0.2543815366920744,41153.82645847663,0.18498998479750672,0.18498998479750672,0.05205170617785197,0.1808461501335241,0.17744493269453115,11.149811532098978,0.0,8.220477939876994e-05
1.9800000000000002,TM12,0.3347378549623198,40900.4065737749,0.16727687948590428,0.16727687948590428,0.990141171661423,3.440102777262211,0.07575750104482341,19.485980061889098,0.0,0.04406617344729089
1.9800000000000002,TE13,0.4072971177228144,40610.2575356945,0.12868497596179299,0.12868497596179299,0.055992006485017086,0.19453615557707207,0.12304790679814856,29.15809414452897,0.0,0.00013842391969228775
1.9800000000000002,TM13,0.485411279388828,40231.359165788155,0.09245942550708194,0.09245942550708194,1.0066074423831182,3.497312461357869,0.041325673913182814,41.99871232825889,0.0,0.05757199592573002
1.9800000000000002,TE14,0.5585338982598654,39812.44985481644,0.054187530202669566,0.054187530202669566,0.08829205371099223,0.3067580137807156,0.0504921141652963,56.47976222302743,0.0,0.0001452605960880695
1.9800000000000002,TM14,0.6357193302349714,39300.648180506876,0.032653113703574106,0.032653113703574106,1.0304460565751161,3.580136290156311,0.01431894337327743,74.59094154121696,0.0,0.05184313128979011
1.9800000000000002,TE15,0.709193116772911,38744.48924871398,0.014751270905254535,0.014751270905254535,0.13864666422087368,0.4817078496433476,0.013202575322675034,94.81428264189911,0.0,0.00010978729429712118
1.9800000000000002,TM15,0.7858706096283751,38089.10684104984,0.007696063599902682,0.007696063599902682,1.063222979452255,3.6940149840707903,0.0032875105078010686,119.40366920935999,0.0,0.035126454620596874
1.9800000000000002,TE16,0.8595830165870509,37383.184321974484,0.0026671940838092737,0.0026671940838092737,0.2072175698973158,0.7199475772784449,0.0022597472233786354,146.85374824859804,0.0,6.337790231120533e-05
1.9800000000000002,TM16,0.9359403154819943,36568.83658416103,0.0012368860466359438,0.0012368860466359438,1.107424696155662,3.847587477310314,0.0005100009000279843,179.83644049972986,0.0,0.018675296189637713
1.9800000000000002,TE17,1.0098251367594069,35694.973913497175,0.0003244107611146773,0.0003244107611146773,0.2972128548642258,1.0326232225459624,0.0002557601804161014,216.90354130932508,0.0,2.8791698105847136e-05
1.9800000000000002,TM17,1.0859621843316567,34699.28346825162,0.00013737449834739306,0.00013737449834739306,1.1670919733361318,4.054892831147672,5.400286940844054e-05,261.41382968164476,0.0,0.007984483261318946
1.9800000000000002,TE18,1.1599773171477972,33630.65715479918,2.6691845997526186e-05,2.6691845997526186e-05,0.4147293696033823,1.440917413615705,1.9155207863099826e-05,312.1168286345408,0.0,1.047239757477458e-05
1.9800000000000002,TM18,1.2359536042171906,32420.07844837707,1.065451970859332e-05,1.065451970859332e-05,1.2491419840252866,4.339963766206895,3.9222701288876835e-06,373.59306328739353,0.0,0.0027929267930778103
1.9800000000000002,TE19,1.3100706532914743,31115.463810781905,1.4864960353587898e-06,1.4864960353587898e-06,0.5706767226824028,1.9827340128927984,9.416518282622334e-07,445.20007506471666,0.0,3.0833016190179154e-06
1.9800000000000002,TM19,1.3859244472126102,29636.85992619534,5.832928752818413e-07,5.832928752818413e-07,1.3664507839688025,4.747536282160186,1.9549382475770296e-07,533.9784150992393,0.0,0.0008115370580230418
1.9800000000000002,"TE1,10",1.4601233703898644,28028.271880310615,5.575679241619448e-08,5.575679241619448e-08,0.7861338694720821,2.7313088123918114,2.97280826966148e-08,641.1994443660712,0.0,7.402282780217248e-07
1.9800000000000002,"TM1,10",1.5358807342061438,26189.429574750073,2.2884211541823285e-08,2.2884211541823285e-08,1.5463239946878704,5.3724798250202825,6.641833299526508e-09,779.9024173995135,0.0,0.00019947812167207704
1.9800000000000002,"TE1,11",1.6101468641628114,24150.711252289693,1.3874955449366211e-09,1.3874955449366211e-09,1.108761756531604,3.852232900856258,5.714895681049731e-10,958.3722866070494,0.0,1.456609966291408e-07
1.9800000000000002,"TM1,11",1.6858263459376348,21764.4149337415,6.628001267031026e-10,6.628001267031026e-10,1.8607152972148706,6.464787087787099,1.4959045184588258e-10,1209.7409250689213,0.0,4.282308839740335e-05
1.9800000000000002,"TE1,12",1.7601486284937378,19005.01363241112,2.1911605777423405e-11,2.1911605777423405e-11,1.6830395350506873,5.847478263180224,5.700676275262515e-12,1579.1123768422317,0.0,2.3582708351391985e-08
1.9800000000000002,"TM1,12",1.835763896270505,15548.442925304824,1.5528984957836093e-11,1.5528984957836093e-11,2.6045964901131136,9.049295065925621,1.9329185888189304e-12,2226.7827033834274,0.0,8.812198441181333e-06
2.0,TE11,0.08784923322365325,41876.4442700092,0.1390516033474559,0.1390516033474559,0.4123271404544795,1.4325712147066199,0.09998132304314684,1.289003940144437,0.0,1.6729928680409936e-05
2.0,TM11,0.18282391732568906,41741.401171663296,0.16865924407529215,0.16865924407529215,0.9849288702735638,3.4219933874160997,0.0767027280834504,5.609802515979396,0.0,0.017558879938917124
2.0,TE12,0.2543815366920744,41576.4628169411,0.18319499798462452,0.18319499798462452,0.051980853124920894,0.18059998141421238,0.17573311740460845,10.925197545995877,0.0,8.017037208733226e-05
2.0,TM12,0.3347378549623198,41325.6347331068,0.16681566784282656,0.16681566784282656,0.9948381244487854,3.456421662680704,0.07526527837212554,19.08984691878702,0.0,0.043123364546126204
2.0,TE13,0.4072971177228144,41038.492239719366,0.129516827707099,0.129516827707099,0.05540699162470305,0.19250360577174577,0.12390129283472162,28.559083945614827,0.0,0.00013607717504362038
2.0,TM13,0.485411279388828,40663.58430488785,0.09398272970367282,0.09398272970367282,1.0110354720847554,3.512697012278867,0.04185798843036459,41.123896914648874,0.0,0.05687115309762712
2.0,TE14,0.5585338982598654,40249.17380066762,0.05582932375332921,0.05582932375332921,0.08704548470682996,0.3024269894621612,0.05207384768322458,55.284983480101886,0.0,0.000144448516340647
2.0,TM14,0.6357193302349714,39742.99656042626,0.03406572920416246,0.03406572920416246,1.0344549300640997,3.594064543235622,0.014890567014652665,72.98254717284915,0.0,0.05186926730292023
2.0,TE15,0.709193116772911,39193.11515225331,0.015671358472047717,0.015671358472047717,0.13646739649137515,0.47413629804725926,0.014050539982421579,92.72618123560201,0.0,0.00011082648399123043
2.0,TM15,0.7858706096283751,38545.36143484693,0.008297333258544945,0.008297333258544945,1.0665966839491605,3.7057364340434162,0.0035348003577368925,116.70658315219252,0.0,0.03571382661383771
2.0,TE16,0.8595830165870509,37847.94972313287,0.0029432094730728804,0.0029432094730728804,0.20371375363819708,0.7077740727429398,0.002500597342974602,143.44300009738708,0.0,6.517647919810063e-05
2.0,TM16,0.9359403154819943,37043.820501038346,0.0013874730242245186,0.0013874730242245186,1.1098308302056261,3.8559472432352653,0.0005709917374675099,175.5201788973257,0.0,0.019358219305794077
2.0,TE17,1.0098251367594069,36181.4315758694,0.00037460055207047316,0.00037460055207047316,0.29179759448030346,1.0138086809235085,0.00029661119937682983,211.50589112173154,0.0,3.0270341018152054e-05
2.0,TM17,1.0859621843316567,35199.504277818385,0.00016140569368554628,0.00016140569368554628,1.167982269036037,4.057986035225521,6.34045240940048e-05,254.6265600695188,0.0,0.008464434565566122
2.0,TE18,1.1599773171477972,34146.536117997675,3.249745335144195e-05,3.249745335144195e-05,0.4064568195411369,1.4121756308692923,2.347641434377255e-05,303.6225443365234,0.0,1.129610243806796e-05
2.0,TM18,1.2359536042171906,32954.91336345763,1.319644150153448e-05,1.319644150153448e-05,1.2475354650237105,4.334382147507237,4.864280628541344e-06,362.84690869275505,0.0,0.003036832004560006
2.0,TE19,1.3100706532914743,31672.336768134952,1.9233702850249076e-06,1.9233702850249076e-06,0.5578669072253238,1.9382281555551313,1.2309490758177275e-06,431.57139135009294,0.0,3.424257869747795e-06
2.0,TM19,1.3859244472126102,30220.990957925223,7.661442456753425e-07,7.661442456753425e-07,1.360393940630451,4.726492653043398,2.5802469819793357e-07,516.3742603962918,0.0,0.0009072664004978555
2.0,"TE1,10",1.4601233703898644,28645.22390889423,7.733140244787272e-08,7.733140244787272e-08,0.7653771709808131,2.6591926554535106,4.1921481375958684e-08,618.1770179375621,0.0,8.494142964479014e-07
2.0,"TM1,10",1.5358807342061438,26848.669420380385,3.2031843619620593e-08,3.2031843619620593e-08,1.531267181728983,5.32016709875553,9.409471381144161e-09,748.8223371186474,0.0,0.00022960042562789236
2.0,"TE1,11",1.6101468641628114,24864.0640721815,2.0842694854078467e-09,2.0842694854078467e-09,1.071581846945397,3.723056664288647,8.843989206697643e-10,915.0899735068301,0.0,1.7331498349320172e-07
2.0,"TM1,11",1.6858263459376348,22553.371934195227,9.903167802402491e-10,9.903167802402491e-10,1.822899186585556,6.333400462400265,2.3037433346346502e-10,1145.5453994915938,0.0,5.06517334001689e-05
2.0,"TE1,12",1.7601486284937378,19903.65221164717,3.625498735745676e-11,3.625498735745676e-11,1.5990259944299707,5.555585326406369,1.0088096440784485e-11,1475.6747453703224,0.0,2.9198527729543456e-08
2.0,"TM1,12",1.835763896270505,16634.870170684724,2.4420298475240196e-11,2.4420298475240196e-11,2.471468884831155,8.586762391022031,3.3812301173062334e-12,2027.8312880603564,0.0,1.0523852527648276e-05
